"full_name","url","description","中文描述","项目分类","项目评价","相关性等级","相关性评分","相关性理由","language","stars","forks","archived","created_at","updated_at","pushed_at","topics"
"mholling/nswtopo","https://github.com/mholling/nswtopo","A vector topographic mapping tool, with layers available for NSW and Tasmania. Pre-built maps also available:","用于制作或展示地形图的项目，数据层覆盖新南威尔士州和塔斯马尼亚。","地图/GIS/空间数据","适合作为塔州地图、地理边界、空间可视化或位置数据线索。 相关性高，建议优先打开核查。","高","4","项目内容与塔州研究、数据或公共信息高度相关。","Ruby","51","17","False","2011-12-10T13:02:42Z","2026-04-03T03:15:43Z","2026-05-06T06:31:08Z",""
"wghuneke/UTasIMAS_PhDThesis_Template","https://github.com/wghuneke/UTasIMAS_PhDThesis_Template","A Latex template for a PhD thesis at the Institute for Marine and Antarctic Studies at the University of Tasmania.","塔斯马尼亚大学或其相关学院的论文/学位论文 LaTeX 模板。","UTAS/教育/课程","适合了解塔斯马尼亚大学相关课程、模板、学生项目或研究代码。 可作为第二梯队资料查看。","中","3","与塔斯马尼亚大学相关，若关注本地教育/研究网络有参考价值。","TeX","14","10","False","2020-06-01T06:49:18Z","2025-09-11T00:25:46Z","2020-06-01T07:54:33Z",""
"alexgleith/tasmap.org","https://github.com/alexgleith/tasmap.org","My Map of Tasmania","塔斯马尼亚地图网站或地图展示项目。","地图/GIS/空间数据","适合作为塔州地图、地理边界、空间可视化或位置数据线索。 相关性高，建议优先打开核查。","高","5","主题直接指向塔斯马尼亚地点、机构、数据或物种，优先查看。","JavaScript","5","2","False","2016-07-30T00:58:38Z","2026-01-05T13:41:40Z","2017-07-17T10:53:03Z",""
"T3A2Group/client","https://github.com/T3A2Group/client","Tasmania Resort MERN Project Front-End","塔斯马尼亚度假村 MERN 项目的前端代码。","其他 Tasmania 相关","与 Tasmania 有一定关系，建议结合 README 再判断具体价值。 描述信息较少或主题较边缘，可放在后面查看。","低","1","可以确认有塔州关联，但项目主题较泛或描述信息有限。","JavaScript","1","5","False","2022-07-12T23:31:11Z","2023-05-15T13:11:33Z","2022-08-04T07:15:31Z",""
"T3A2Group/server","https://github.com/T3A2Group/server","Tasmania Resort MERN Project Back-end","塔斯马尼亚度假村 MERN 项目的后端代码。","其他 Tasmania 相关","与 Tasmania 有一定关系，建议结合 README 再判断具体价值。 描述信息较少或主题较边缘，可放在后面查看。","低","1","可以确认有塔州关联，但项目主题较泛或描述信息有限。","JavaScript","0","4","False","2022-07-12T23:43:56Z","2022-08-02T00:53:30Z","2022-08-04T07:19:06Z",""
"TrustEval/CoTrRank_Trust_Evaluation","https://github.com/TrustEval/CoTrRank_Trust_Evaluation","This Git repository consists of the Tasmania Twitter dataset used in the paper CoTrRank: Trust Evaluation of Users and Tweets","论文使用的塔斯马尼亚 Twitter 数据集与信任评估代码。","其他 Tasmania 相关","与 Tasmania 有一定关系，建议结合 README 再判断具体价值。 描述信息较少或主题较边缘，可放在后面查看。","低","1","可以确认有塔州关联，但项目主题较泛或描述信息有限。","","4","4","False","2020-07-14T09:38:31Z","2024-09-24T11:32:31Z","2020-07-14T10:36:35Z",""
"ozjimbob/ecbtools","https://github.com/ozjimbob/ecbtools","R tools developed by the University of Tasmania Environmental Change Biology lab.","塔斯马尼亚大学环境变化生物学实验室开发的 R 工具。","UTAS/教育/课程","适合了解塔斯马尼亚大学相关课程、模板、学生项目或研究代码。 可作为第二梯队资料查看。","中","3","与塔斯马尼亚大学相关，若关注本地教育/研究网络有参考价值。","R","2","2","False","2013-09-03T01:58:43Z","2021-01-17T20:26:28Z","2021-01-17T20:26:26Z",""
"admiraldolphin/govhack2013","https://github.com/admiraldolphin/govhack2013","Admiral Dolphin (Team Lion) from GovHack 2013 (Tasmania)","塔斯马尼亚 GovHack 竞赛项目。","政府/公共服务/开放数据","适合追踪塔州公共数据、政府服务、交通、消防、能源或地方议会信息。 相关性高，建议优先打开核查。","高","4","项目内容与塔州研究、数据或公共信息高度相关。","Python","1","2","False","2013-05-31T11:44:31Z","2023-04-09T23:58:41Z","2013-06-02T06:41:31Z",""
"jbkajtar/sst_tasmania","https://github.com/jbkajtar/sst_tasmania","Code for processing Tasmanian region sea surface temperature from observational and CMIP6 data. Generated for Kajtar and Holbrook (2021): http://ecite.utas.edu.au/147866 and Kajtar et al. (2024): https://doi.org/10.1007/s10584-024-03684-8","处理塔斯马尼亚周边海域海表温度观测和气候模型数据的代码。","UTAS/教育/课程","适合了解塔斯马尼亚大学相关课程、模板、学生项目或研究代码。 相关性高，建议优先打开核查。","高","5","主题直接指向塔斯马尼亚地点、机构、数据或物种，优先查看。","MATLAB","3","0","False","2021-10-14T03:28:45Z","2024-02-06T12:07:12Z","2024-02-06T12:06:12Z","climate;cmip6;marine-heatwaves;noaa"
"cpunj/CitizenTas","https://github.com/cpunj/CitizenTas","Citizen Tasmania App","Citizen Tasmania 应用项目。","其他 Tasmania 相关","与 Tasmania 有一定关系，建议结合 README 再判断具体价值。 描述信息较少或主题较边缘，可放在后面查看。","低","1","可以确认有塔州关联，但项目主题较泛或描述信息有限。","Dart","2","0","False","2020-04-21T22:55:30Z","2020-04-27T06:55:53Z","2020-04-22T00:41:01Z",""
"stuarta0/launceston-3d","https://github.com/stuarta0/launceston-3d","Open license city-scale LIDAR scan of Launceston, Tasmania, AU","塔斯马尼亚朗塞斯顿城市尺度开放许可 LIDAR/三维扫描数据项目。","地图/GIS/空间数据","适合作为塔州地图、地理边界、空间可视化或位置数据线索。 相关性高，建议优先打开核查。","高","5","主题直接指向塔斯马尼亚地点、机构、数据或物种，优先查看。","","5","1","False","2020-12-19T00:52:24Z","2025-03-25T16:05:19Z","2020-12-19T09:33:28Z",""
"SeaShadow/LaTeX-AMC-PhD-Thesis-Template","https://github.com/SeaShadow/LaTeX-AMC-PhD-Thesis-Template","LaTeX thesis template for postgraduate, Master or PhD theses. The LaTeX thesis template is based on current University of Tasmania (UTas) thesis guidelines. The thesis template is currently demonstrated for for Australian Maritime College, National Centre for Maritime Engineering & Hydrodynamics (NCMEH) PhD theses where AMC is a  specialised department of the University of Tasmania (UTas).","塔斯马尼亚大学或其相关学院的论文/学位论文 LaTeX 模板。","UTAS/教育/课程","适合了解塔斯马尼亚大学相关课程、模板、学生项目或研究代码。 可作为第二梯队资料查看。","中","3","与塔斯马尼亚大学相关，若关注本地教育/研究网络有参考价值。","TeX","4","3","False","2015-08-16T07:23:21Z","2025-01-26T10:12:10Z","2020-07-08T03:38:30Z",""
"utasanalytics/utas-analytics","https://github.com/utasanalytics/utas-analytics","University of Tasmania, Student Project","塔斯马尼亚大学课程、学生项目、作业或研究代码。","UTAS/教育/课程","适合了解塔斯马尼亚大学相关课程、模板、学生项目或研究代码。 可作为第二梯队资料查看。","中","3","与塔斯马尼亚大学相关，若关注本地教育/研究网络有参考价值。","PHP","2","0","False","2019-04-13T00:55:53Z","2019-05-28T09:28:39Z","2019-05-28T09:28:37Z",""
"43South/tasmaniada","https://github.com/43South/tasmaniada","scrapers for Tasmanian councils for planningalerts.org.au","抓取塔斯马尼亚地方议会规划申请数据的项目。","政府/公共服务/开放数据","适合追踪塔州公共数据、政府服务、交通、消防、能源或地方议会信息。 相关性高，建议优先打开核查。","高","5","主题直接指向塔斯马尼亚地点、机构、数据或物种，优先查看。","Python","2","1","False","2021-09-18T08:21:14Z","2024-03-21T01:19:13Z","2021-10-01T08:32:33Z",""
"mdsumner/tasmapr","https://github.com/mdsumner/tasmapr","Get Tasmania map server layers via mapview","通过 R/mapview 获取塔斯马尼亚地图服务器图层的工具。","地图/GIS/空间数据","适合作为塔州地图、地理边界、空间可视化或位置数据线索。 相关性高，建议优先打开核查。","高","4","项目内容与塔州研究、数据或公共信息高度相关。","R","2","1","False","2017-06-08T14:23:07Z","2019-11-14T02:15:13Z","2019-11-14T02:15:11Z",""
"willemolding/penguin-tracks-vis","https://github.com/willemolding/penguin-tracks-vis","A visualisation of Little Penguin feeding behaviour in southern Tasmania","展示塔斯马尼亚南部小企鹅觅食行为或相关生态数据的可视化项目。","生态/气候/物种研究","适合关注塔州生态、气候、海洋、森林或本土物种研究。 相关性高，建议优先打开核查。","高","5","主题直接指向塔斯马尼亚地点、机构、数据或物种，优先查看。","JavaScript","3","0","False","2016-02-15T04:10:15Z","2016-11-08T11:14:53Z","2016-03-02T00:48:35Z",""
"kaseykhanhpham/eucalyptus-hybrid-resequencing","https://github.com/kaseykhanhpham/eucalyptus-hybrid-resequencing","Pipeline for analysis of project resequencing introgressant Eucalyptus globulus and Eucalyptus cordata in Tasmania","分析塔斯马尼亚桉树相关基因组/重测序数据的研究流水线。","生态/气候/物种研究","适合关注塔州生态、气候、海洋、森林或本土物种研究。 相关性高，建议优先打开核查。","高","4","项目内容与塔州研究、数据或公共信息高度相关。","Shell","5","0","False","2022-05-28T02:34:10Z","2026-02-08T02:26:14Z","2026-02-08T02:26:10Z",""
"FCMAP/qgis2web_2024_03_29-12_15_36_411992","https://github.com/FCMAP/qgis2web_2024_03_29-12_15_36_411992","tasmania_test","塔斯马尼亚相关地图、GIS、空间数据或地理可视化项目。","地图/GIS/空间数据","适合作为塔州地图、地理边界、空间可视化或位置数据线索。 相关性高，建议优先打开核查。","高","4","项目内容与塔州研究、数据或公共信息高度相关。","JavaScript","0","0","False","2024-03-29T11:29:09Z","2024-03-29T12:54:43Z","2024-03-29T11:43:42Z",""
"fredpaw/tasmania","https://github.com/fredpaw/tasmania","tasmania website","与塔斯马尼亚有关的资料、应用或网站项目；原始描述较简略，建议打开 README 进一步确认。","其他 Tasmania 相关","与 Tasmania 有一定关系，建议结合 README 再判断具体价值。 描述信息较少或主题较边缘，可放在后面查看。","低","1","可以确认有塔州关联，但项目主题较泛或描述信息有限。","PHP","0","0","False","2015-08-28T04:07:51Z","2016-08-30T06:35:19Z","2016-09-02T05:51:20Z",""
"TheDarkPanther/TasmaniaMap","https://github.com/TheDarkPanther/TasmaniaMap","Tasmania map 1:40 scale","塔斯马尼亚相关地图、GIS、空间数据或地理可视化项目。","地图/GIS/空间数据","适合作为塔州地图、地理边界、空间可视化或位置数据线索。 相关性高，建议优先打开核查。","高","4","项目内容与塔州研究、数据或公共信息高度相关。","","0","0","False","2025-03-12T23:54:50Z","2025-03-12T23:54:54Z","2025-03-12T23:54:51Z",""
"dentalimplanttasmania/dental-implants-tasmania12","https://github.com/dentalimplanttasmania/dental-implants-tasmania12","","原始描述为空；根据仓库名判断，可能是塔斯马尼亚相关资料、网站或应用项目。","本地商业/生活服务","适合了解塔州本地商业/生活服务案例，但一般不是核心技术项目。 可作为第二梯队资料查看。","中","2","与塔州本地服务或商业相关，但技术/数据价值通常较弱。","HTML","0","0","False","2025-08-30T10:39:37Z","2025-08-30T10:40:50Z","2025-08-30T10:40:47Z",""
"nickfountainjones/PracticalsKPZ312","https://github.com/nickfountainjones/PracticalsKPZ312","R code and vignettes for Research Methods in Biology KPZ312 at the University of Tasmania","塔斯马尼亚大学课程、学生项目、作业或研究代码。","UTAS/教育/课程","适合了解塔斯马尼亚大学相关课程、模板、学生项目或研究代码。 可作为第二梯队资料查看。","中","3","与塔斯马尼亚大学相关，若关注本地教育/研究网络有参考价值。","","0","2","False","2020-03-01T23:33:26Z","2020-03-09T22:15:31Z","2020-03-09T22:15:30Z",""
"LeLeGazze/Tasmania","https://github.com/LeLeGazze/Tasmania","An Assignment of Tasmania.","与塔斯马尼亚有关的资料、应用或网站项目；原始描述较简略，建议打开 README 进一步确认。","其他 Tasmania 相关","与 Tasmania 有一定关系，建议结合 README 再判断具体价值。 描述信息较少或主题较边缘，可放在后面查看。","低","1","可以确认有塔州关联，但项目主题较泛或描述信息有限。","HTML","0","0","False","2026-04-28T06:22:53Z","2026-04-28T10:47:24Z","2026-04-28T10:47:20Z",""
"HammerOfMelkor/TasmanianHighlandsGolfClub","https://github.com/HammerOfMelkor/TasmanianHighlandsGolfClub","","原始描述为空；根据仓库名判断，可能是塔斯马尼亚相关资料、网站或应用项目。","其他 Tasmania 相关","与 Tasmania 有一定关系，建议结合 README 再判断具体价值。 描述信息较少或主题较边缘，可放在后面查看。","低","1","可以确认有塔州关联，但项目主题较泛或描述信息有限。","HTML","0","0","False","2023-09-14T06:32:47Z","2024-11-19T01:23:27Z","2024-11-19T01:23:23Z",""
"justinmathias/TasmaniaVegetation","https://github.com/justinmathias/TasmaniaVegetation","","原始描述为空；根据仓库名判断，可能是塔斯马尼亚相关资料、网站或应用项目。","其他 Tasmania 相关","与 Tasmania 有一定关系，建议结合 README 再判断具体价值。 描述信息较少或主题较边缘，可放在后面查看。","低","1","可以确认有塔州关联，但项目主题较泛或描述信息有限。","R","0","0","False","2023-02-23T04:40:36Z","2023-02-23T04:43:32Z","2023-05-23T18:23:05Z",""
"namedummy568-stack/TasmanianMarineData","https://github.com/namedummy568-stack/TasmanianMarineData","Marine data for Tasmania, including cetacean sightings.","塔斯马尼亚生态、气候、海洋、森林或本土物种相关研究项目。","生态/气候/物种研究","适合关注塔州生态、气候、海洋、森林或本土物种研究。 相关性高，建议优先打开核查。","高","4","项目内容与塔州研究、数据或公共信息高度相关。","","0","0","False","2025-09-22T07:26:28Z","2025-09-22T07:26:29Z","2025-09-22T07:26:29Z",""
"JorgeRodriguezGonzalez/tasmania-roofing","https://github.com/JorgeRodriguezGonzalez/tasmania-roofing","tasmania roofing website","塔斯马尼亚本地商业、生活服务或市场类项目。","本地商业/生活服务","适合了解塔州本地商业/生活服务案例，但一般不是核心技术项目。 可作为第二梯队资料查看。","中","2","与塔州本地服务或商业相关，但技术/数据价值通常较弱。","","0","0","False","2025-10-24T03:43:12Z","2025-10-24T03:43:12Z","2025-10-24T03:43:12Z",""
"dentalimplanttasmania/dental-implants-tasmania1","https://github.com/dentalimplanttasmania/dental-implants-tasmania1","","原始描述为空；根据仓库名判断，可能是塔斯马尼亚相关资料、网站或应用项目。","本地商业/生活服务","适合了解塔州本地商业/生活服务案例，但一般不是核心技术项目。 可作为第二梯队资料查看。","中","2","与塔州本地服务或商业相关，但技术/数据价值通常较弱。","HTML","0","0","False","2025-09-25T05:38:19Z","2025-09-25T05:38:58Z","2025-09-25T05:38:54Z",""
"pam-ai-coder/tasmania","https://github.com/pam-ai-coder/tasmania","7 days Overland Track","塔斯马尼亚 Overland Track 徒步路线/行程规划项目。","旅游/地方体验","适合了解塔州旅行、目的地、路线、活动或地方体验类应用。 相关性高，建议优先打开核查。","高","5","主题直接指向塔斯马尼亚地点、机构、数据或物种，优先查看。","HTML","0","0","False","2026-03-28T04:58:44Z","2026-03-28T05:43:27Z","2026-03-28T05:43:24Z",""
"web-helper/quit-tasmania","https://github.com/web-helper/quit-tasmania","Quit Tasmania Project","与塔斯马尼亚有关的资料、应用或网站项目；原始描述较简略，建议打开 README 进一步确认。","其他 Tasmania 相关","与 Tasmania 有一定关系，建议结合 README 再判断具体价值。 描述信息较少或主题较边缘，可放在后面查看。","低","1","可以确认有塔州关联，但项目主题较泛或描述信息有限。","PHP","0","0","False","2019-08-22T01:11:35Z","2019-09-10T08:10:41Z","2019-08-19T08:41:31Z",""
"alexanderhayward1995/Soundbites-tas","https://github.com/alexanderhayward1995/Soundbites-tas","Soundbites rockin' Tasmania! ","与塔斯马尼亚有关的资料、应用或网站项目；原始描述较简略，建议打开 README 进一步确认。","其他 Tasmania 相关","与 Tasmania 有一定关系，建议结合 README 再判断具体价值。 描述信息较少或主题较边缘，可放在后面查看。","低","1","可以确认有塔州关联，但项目主题较泛或描述信息有限。","HTML","0","0","False","2026-04-13T13:34:37Z","2026-04-14T07:10:41Z","2026-04-14T07:10:37Z",""
"Eric0420/TSG","https://github.com/Eric0420/TSG","Tasmania Shopping Guide","塔斯马尼亚本地商业、生活服务或市场类项目。","本地商业/生活服务","适合了解塔州本地商业/生活服务案例，但一般不是核心技术项目。 可作为第二梯队资料查看。","中","2","与塔州本地服务或商业相关，但技术/数据价值通常较弱。","Kotlin","0","0","False","2022-05-04T13:57:25Z","2022-05-04T14:46:59Z","2022-10-02T00:49:21Z",""
"tfsbrigades/Tasmania-brigades","https://github.com/tfsbrigades/Tasmania-brigades","Tasmania TFS brigades","塔斯马尼亚政府、公共服务、开放数据或地方议会信息项目。","政府/公共服务/开放数据","适合追踪塔州公共数据、政府服务、交通、消防、能源或地方议会信息。 相关性高，建议优先打开核查。","高","4","项目内容与塔州研究、数据或公共信息高度相关。","HTML","0","0","False","2025-08-16T02:08:06Z","2025-08-16T04:51:24Z","2025-08-16T04:51:20Z",""
"stanley0212/TasEats","https://github.com/stanley0212/TasEats","Tasmania food delivery","面向塔斯马尼亚的外卖/餐饮配送应用项目。","本地商业/生活服务","适合了解塔州本地商业/生活服务案例，但一般不是核心技术项目。 可作为第二梯队资料查看。","中","2","与塔州本地服务或商业相关，但技术/数据价值通常较弱。","Java","0","0","False","2021-04-03T14:11:54Z","2022-05-09T12:21:56Z","2022-05-09T12:21:52Z",""
"mdsumner/applemile","https://github.com/mdsumner/applemile","Tasmania the spatial state","塔斯马尼亚相关地图、GIS、空间数据或地理可视化项目。","地图/GIS/空间数据","适合作为塔州地图、地理边界、空间可视化或位置数据线索。 相关性高，建议优先打开核查。","高","4","项目内容与塔州研究、数据或公共信息高度相关。","HTML","0","0","False","2017-07-29T10:37:20Z","2017-07-29T10:41:18Z","2017-07-29T10:41:16Z",""
"vanDemonian/TAS_data","https://github.com/vanDemonian/TAS_data","Tasmania specific data sets","塔斯马尼亚专用数据集。","其他 Tasmania 相关","与 Tasmania 有一定关系，建议结合 README 再判断具体价值。 相关性高，建议优先打开核查。","高","5","主题直接指向塔斯马尼亚地点、机构、数据或物种，优先查看。","","0","0","False","2016-06-28T05:09:07Z","2021-12-02T10:21:45Z","2016-09-20T03:14:22Z",""
"darkmovertas/tas-motorcycle-dkt","https://github.com/darkmovertas/tas-motorcycle-dkt","Tasmania Motorcycle Practice DKT","塔斯马尼亚摩托车驾驶知识测试练习项目。","其他 Tasmania 相关","与 Tasmania 有一定关系，建议结合 README 再判断具体价值。 描述信息较少或主题较边缘，可放在后面查看。","低","1","可以确认有塔州关联，但项目主题较泛或描述信息有限。","HTML","0","0","False","2026-04-03T22:10:05Z","2026-04-14T08:57:13Z","2026-04-14T08:57:10Z",""
"prameshKc/Total-Hair-Beauty-Tasmania","https://github.com/prameshKc/Total-Hair-Beauty-Tasmania","Total Hair & Beauty Tasmania","与塔斯马尼亚有关的资料、应用或网站项目；原始描述较简略，建议打开 README 进一步确认。","其他 Tasmania 相关","与 Tasmania 有一定关系，建议结合 README 再判断具体价值。 描述信息较少或主题较边缘，可放在后面查看。","低","1","可以确认有塔州关联，但项目主题较泛或描述信息有限。","TypeScript","0","0","False","2026-01-04T08:38:20Z","2026-01-04T08:38:42Z","2026-01-04T08:38:39Z",""
"tinnamchoi/hare-clark-cpp","https://github.com/tinnamchoi/hare-clark-cpp","C++ library for an electoral system used in Tasmania and the Australian Capital Territory","实现塔斯马尼亚和澳大利亚首都领地使用的 Hare-Clark 选举制度的 C++ 库。","其他 Tasmania 相关","与 Tasmania 有一定关系，建议结合 README 再判断具体价值。 描述信息较少或主题较边缘，可放在后面查看。","低","1","可以确认有塔州关联，但项目主题较泛或描述信息有限。","C++","3","0","False","2024-03-13T10:35:54Z","2024-10-15T19:14:10Z","2024-10-15T19:14:07Z","cpp;electoral-systems;hare-clark;library;voting-system"
"Veryboredcat/tasmanianwildcall","https://github.com/Veryboredcat/tasmanianwildcall","files for the website","与塔斯马尼亚有关的资料、应用或网站项目；原始描述较简略，建议打开 README 进一步确认。","其他 Tasmania 相关","与 Tasmania 有一定关系，建议结合 README 再判断具体价值。 描述信息较少或主题较边缘，可放在后面查看。","低","1","可以确认有塔州关联，但项目主题较泛或描述信息有限。","HTML","0","0","False","2025-06-02T21:50:07Z","2025-06-02T21:54:55Z","2025-06-02T21:54:52Z",""
"LNSOTOM/forestGISML","https://github.com/LNSOTOM/forestGISML","Supervised machine learning for predicting and interpreting dynamic drivers of plantation forest productivity in northern Tasmania, Australia","使用监督式机器学习分析塔斯马尼亚北部人工林生产力驱动因素的项目。","地图/GIS/空间数据","适合作为塔州地图、地理边界、空间可视化或位置数据线索。 相关性高，建议优先打开核查。","高","5","主题直接指向塔斯马尼亚地点、机构、数据或物种，优先查看。","Python","4","1","False","2020-09-03T00:43:52Z","2024-11-24T06:53:59Z","2023-04-17T04:18:09Z","geopandas;lime;machine-learning-algorithms;numpy;pysal;python3;scikit-learn;scikitlearn-machine-learning;scipy"
"DamienIrving/hydrotas","https://github.com/DamienIrving/hydrotas","UNSEEN analysis for Hydro Tasmania","与 Hydro Tasmania 水电、水库或水文数据相关的数据处理/可视化项目。","政府/公共服务/开放数据","适合追踪塔州公共数据、政府服务、交通、消防、能源或地方议会信息。 相关性高，建议优先打开核查。","高","5","主题直接指向塔斯马尼亚地点、机构、数据或物种，优先查看。","Jupyter Notebook","0","0","False","2023-04-04T07:19:45Z","2023-04-05T04:53:21Z","2023-05-04T22:28:58Z",""
"mave1/KIT301---Mapping-Crime-Walks","https://github.com/mave1/KIT301---Mapping-Crime-Walks","An app to take tourists on crime walks of Tasmania","面向游客的塔斯马尼亚犯罪历史步行路线应用。","UTAS/教育/课程","适合了解塔斯马尼亚大学相关课程、模板、学生项目或研究代码。 可作为第二梯队资料查看。","中","3","与塔斯马尼亚大学相关，若关注本地教育/研究网络有参考价值。","Dart","2","0","False","2024-03-06T10:43:48Z","2025-09-17T01:43:38Z","2024-10-30T05:07:05Z",""
"travelens/tasmania-2018","https://github.com/travelens/tasmania-2018","Tasmania Spring 2018 trip to Hobart and Freycinet","塔斯马尼亚旅游、住宿、行程或目的地展示项目。","旅游/地方体验","适合了解塔州旅行、目的地、路线、活动或地方体验类应用。 可作为第二梯队资料查看。","中","3","与塔州主题明确相关，但更偏内容展示、旅行记录或文化资料。","Astro","0","0","False","2023-04-10T07:14:19Z","2025-03-04T04:23:48Z","2025-03-04T04:23:42Z",""
"disclosurelogs/au-tas-register-of-lobbyists","https://github.com/disclosurelogs/au-tas-register-of-lobbyists","Tasmania Register of Lobbyists","塔斯马尼亚游说者登记册数据项目。","地图/GIS/空间数据","适合作为塔州地图、地理边界、空间可视化或位置数据线索。 相关性高，建议优先打开核查。","高","4","项目内容与塔州研究、数据或公共信息高度相关。","Ruby","0","0","False","2014-02-18T08:17:20Z","2015-09-02T08:25:21Z","2016-01-04T10:18:43Z",""
"travistyzero/hydro-web","https://github.com/travistyzero/hydro-web","Visualise Hydro Tasmania Dam Levels ","与 Hydro Tasmania 水电、水库或水文数据相关的数据处理/可视化项目。","政府/公共服务/开放数据","适合追踪塔州公共数据、政府服务、交通、消防、能源或地方议会信息。 相关性高，建议优先打开核查。","高","5","主题直接指向塔斯马尼亚地点、机构、数据或物种，优先查看。","JavaScript","0","0","False","2016-04-13T04:14:29Z","2016-04-13T04:14:46Z","2016-05-03T00:47:15Z",""
"Bigben83/tasmanian_planbuild","https://github.com/Bigben83/tasmanian_planbuild","Tasmania LGA's using Planbuild","与塔斯马尼亚地方政府 PlanBuild/规划系统相关的项目。","政府/公共服务/开放数据","适合追踪塔州公共数据、政府服务、交通、消防、能源或地方议会信息。 相关性高，建议优先打开核查。","高","4","项目内容与塔州研究、数据或公共信息高度相关。","Ruby","0","0","False","2025-08-05T04:03:19Z","2025-08-06T21:53:07Z","2025-08-06T21:53:04Z",""
"prameshKc/NEST","https://github.com/prameshKc/NEST","Nepali Society Of Tasmania","塔斯马尼亚尼泊尔社区组织相关项目。","其他 Tasmania 相关","与 Tasmania 有一定关系，建议结合 README 再判断具体价值。 描述信息较少或主题较边缘，可放在后面查看。","低","1","可以确认有塔州关联，但项目主题较泛或描述信息有限。","TypeScript","0","0","False","2025-08-12T11:44:08Z","2025-08-12T11:51:04Z","2025-08-12T11:51:01Z",""
"kasun1986/project-A","https://github.com/kasun1986/project-A","project files university of Tasmania","塔斯马尼亚大学课程、学生项目、作业或研究代码。","UTAS/教育/课程","适合了解塔斯马尼亚大学相关课程、模板、学生项目或研究代码。 可作为第二梯队资料查看。","中","3","与塔斯马尼亚大学相关，若关注本地教育/研究网络有参考价值。","","0","0","False","2023-08-24T10:27:23Z","2023-08-24T10:27:23Z","2023-08-24T10:34:14Z",""
"FerdianFy13/Tasmanian-Devil","https://github.com/FerdianFy13/Tasmanian-Devil","Tasmanian Devil Information website","围绕塔斯马尼亚袋獾、袋獾面部肿瘤病或相关生态建模/识别的项目。","生态/气候/物种研究","适合关注塔州生态、气候、海洋、森林或本土物种研究。 相关性高，建议优先打开核查。","高","5","主题直接指向塔斯马尼亚地点、机构、数据或物种，优先查看。","SCSS","1","0","False","2022-11-14T01:39:55Z","2023-03-07T03:31:42Z","2022-11-29T03:24:28Z",""
"siskavera/tasmanian-devil","https://github.com/siskavera/tasmanian-devil","Spatially explicit, individual-based framework to model the spread of DFTD in Tasmania","围绕塔斯马尼亚袋獾、袋獾面部肿瘤病或相关生态建模/识别的项目。","地图/GIS/空间数据","适合作为塔州地图、地理边界、空间可视化或位置数据线索。 相关性高，建议优先打开核查。","高","4","项目内容与塔州研究、数据或公共信息高度相关。","Matlab","1","0","False","2017-09-25T08:56:59Z","2021-02-05T09:19:12Z","2018-02-21T14:31:00Z",""
"markoinh/Roam-Tasmania","https://github.com/markoinh/Roam-Tasmania","","原始描述为空；根据仓库名判断，可能是塔斯马尼亚相关资料、网站或应用项目。","其他 Tasmania 相关","与 Tasmania 有一定关系，建议结合 README 再判断具体价值。 描述信息较少或主题较边缘，可放在后面查看。","低","1","可以确认有塔州关联，但项目主题较泛或描述信息有限。","HTML","0","0","False","2026-04-18T10:34:47Z","2026-04-18T10:37:12Z","2026-04-18T10:37:04Z",""
"nonfictionalsomm/Tasmania-Interactive","https://github.com/nonfictionalsomm/Tasmania-Interactive","","原始描述为空；根据仓库名判断，可能是塔斯马尼亚相关资料、网站或应用项目。","其他 Tasmania 相关","与 Tasmania 有一定关系，建议结合 README 再判断具体价值。 描述信息较少或主题较边缘，可放在后面查看。","低","1","可以确认有塔州关联，但项目主题较泛或描述信息有限。","HTML","0","0","False","2025-10-18T01:46:33Z","2025-10-18T01:46:46Z","2025-10-18T01:46:43Z",""
"nirmitgarg/tasmania-plan","https://github.com/nirmitgarg/tasmania-plan","","原始描述为空；根据仓库名判断，可能是塔斯马尼亚相关资料、网站或应用项目。","其他 Tasmania 相关","与 Tasmania 有一定关系，建议结合 README 再判断具体价值。 描述信息较少或主题较边缘，可放在后面查看。","低","1","可以确认有塔州关联，但项目主题较泛或描述信息有限。","","0","0","False","2026-01-13T12:25:13Z","2026-01-13T12:47:47Z","2026-01-13T12:47:43Z",""
"sllnycrfst/discover-tasmania","https://github.com/sllnycrfst/discover-tasmania","","原始描述为空；根据仓库名判断，可能是塔斯马尼亚相关资料、网站或应用项目。","其他 Tasmania 相关","与 Tasmania 有一定关系，建议结合 README 再判断具体价值。 描述信息较少或主题较边缘，可放在后面查看。","低","1","可以确认有塔州关联，但项目主题较泛或描述信息有限。","JavaScript","0","0","False","2025-07-08T12:07:52Z","2025-07-08T12:38:16Z","2025-07-08T12:38:13Z",""
"mjec/wwc-tasmania","https://github.com/mjec/wwc-tasmania","Automate Tasmanian working with children check verification","与塔斯马尼亚有关的资料、应用或网站项目；原始描述较简略，建议打开 README 进一步确认。","其他 Tasmania 相关","与 Tasmania 有一定关系，建议结合 README 再判断具体价值。 仓库已归档，主要适合参考，不适合作为活跃依赖。","低","1","可以确认有塔州关联，但项目主题较泛或描述信息有限。","Python","0","0","True","2014-11-24T09:47:25Z","2026-03-24T19:29:00Z","2017-07-22T21:21:01Z",""
"TripMomentIntern/2026_Tasmania","https://github.com/TripMomentIntern/2026_Tasmania","塔斯馬尼亞 7 日極致漫遊：從星空到雨林的感官覺醒 深入澳洲最南端的島州，時刻旅行旅途企劃團隊為您量身打造這趟為期 7 天的避世之旅。穿梭於古老的搖籃山雨林、探索酒杯灣的純淨海岸，並在無光害的南半球穹頂下捕捉神秘南極光。這不僅是一次自駕之旅，更是一場洗滌心靈的生態與文化朝聖。我們以最高規格的實地考察，為您梳理出最真實的南半球秘境指南。 - Deployed by EZPage","塔斯马尼亚旅游、住宿、行程或目的地展示项目。","旅游/地方体验","适合了解塔州旅行、目的地、路线、活动或地方体验类应用。 可作为第二梯队资料查看。","中","3","与塔州主题明确相关，但更偏内容展示、旅行记录或文化资料。","HTML","0","0","False","2026-05-02T03:29:31Z","2026-05-02T03:29:38Z","2026-05-02T03:29:35Z",""
"Hildacareau/NDIS-Tasmania","https://github.com/Hildacareau/NDIS-Tasmania","","原始描述为空；根据仓库名判断，可能是塔斯马尼亚相关资料、网站或应用项目。","其他 Tasmania 相关","与 Tasmania 有一定关系，建议结合 README 再判断具体价值。 描述信息较少或主题较边缘，可放在后面查看。","低","1","可以确认有塔州关联，但项目主题较泛或描述信息有限。","","0","0","False","2025-07-15T12:53:59Z","2025-07-15T12:54:03Z","2025-07-15T12:57:16Z",""
"ztgreene/tasmanian_devils","https://github.com/ztgreene/tasmanian_devils","An analysis of the difference between sexes of devils suffering from facial tumour","塔斯马尼亚生态、气候、海洋、森林或本土物种相关研究项目。","生态/气候/物种研究","适合关注塔州生态、气候、海洋、森林或本土物种研究。 相关性高，建议优先打开核查。","高","4","项目内容与塔州研究、数据或公共信息高度相关。","R","0","0","False","2021-10-13T01:03:53Z","2021-10-13T01:09:04Z","2021-10-13T01:09:02Z",""
"markoinh/RoamTasmania","https://github.com/markoinh/RoamTasmania","","原始描述为空；根据仓库名判断，可能是塔斯马尼亚相关资料、网站或应用项目。","其他 Tasmania 相关","与 Tasmania 有一定关系，建议结合 README 再判断具体价值。 描述信息较少或主题较边缘，可放在后面查看。","低","1","可以确认有塔州关联，但项目主题较泛或描述信息有限。","JavaScript","0","0","False","2026-04-18T09:52:46Z","2026-04-18T10:06:22Z","2026-04-18T10:06:18Z",""
"lisa-craw/tasmania_airbnbs","https://github.com/lisa-craw/tasmania_airbnbs","plotting Tasmanian Airbnb data","分析或可视化塔斯马尼亚 Airbnb 房源数据的项目。","本地商业/生活服务","适合了解塔州本地商业/生活服务案例，但一般不是核心技术项目。 可作为第二梯队资料查看。","中","2","与塔州本地服务或商业相关，但技术/数据价值通常较弱。","Python","1","0","False","2023-03-07T05:24:32Z","2023-05-31T01:13:58Z","2023-03-16T03:13:26Z",""
"chrisatkinson9/RSV_Tasmania","https://github.com/chrisatkinson9/RSV_Tasmania","Repository of RSV phylogenetic trees and fishplots (Tasmania)","塔斯马尼亚 RSV 系统发育树和可视化数据项目。","其他 Tasmania 相关","与 Tasmania 有一定关系，建议结合 README 再判断具体价值。 描述信息较少或主题较边缘，可放在后面查看。","低","1","可以确认有塔州关联，但项目主题较泛或描述信息有限。","","0","0","False","2024-04-04T02:34:09Z","2025-04-29T01:40:23Z","2025-04-29T01:40:20Z",""
"GitToby/awesome-tasmania","https://github.com/GitToby/awesome-tasmania","","原始描述为空；根据仓库名判断，可能是塔斯马尼亚相关资料、网站或应用项目。","其他 Tasmania 相关","与 Tasmania 有一定关系，建议结合 README 再判断具体价值。 仓库已归档，主要适合参考，不适合作为活跃依赖。","低","1","可以确认有塔州关联，但项目主题较泛或描述信息有限。","TypeScript","0","0","True","2023-12-13T23:23:20Z","2026-03-13T17:50:49Z","2024-01-03T23:46:48Z",""
"ElijahCuff/Tas-GRN-Collection","https://github.com/ElijahCuff/Tas-GRN-Collection","Tasmania Government Radio Network Collection","塔斯马尼亚政府无线电网络资料收集项目。","政府/公共服务/开放数据","适合追踪塔州公共数据、政府服务、交通、消防、能源或地方议会信息。 相关性高，建议优先打开核查。","高","4","项目内容与塔州研究、数据或公共信息高度相关。","PHP","0","0","False","2022-07-30T12:37:24Z","2022-12-31T07:11:51Z","2023-08-01T08:00:29Z",""
"sarikshyaadhikari/explore-tasmania","https://github.com/sarikshyaadhikari/explore-tasmania","","原始描述为空；根据仓库名判断，可能是塔斯马尼亚相关资料、网站或应用项目。","其他 Tasmania 相关","与 Tasmania 有一定关系，建议结合 README 再判断具体价值。 描述信息较少或主题较边缘，可放在后面查看。","低","1","可以确认有塔州关联，但项目主题较泛或描述信息有限。","HTML","0","0","False","2026-04-29T07:07:17Z","2026-04-29T12:14:38Z","2026-04-29T12:14:33Z",""
"GLAM-Workbench/libraries-tasmania","https://github.com/GLAM-Workbench/libraries-tasmania","","原始描述为空；根据仓库名判断，可能是塔斯马尼亚相关资料、网站或应用项目。","其他 Tasmania 相关","与 Tasmania 有一定关系，建议结合 README 再判断具体价值。 描述信息较少或主题较边缘，可放在后面查看。","低","1","可以确认有塔州关联，但项目主题较泛或描述信息有限。","Jupyter Notebook","0","0","False","2022-09-15T04:21:45Z","2022-09-15T04:21:50Z","2022-09-15T06:39:57Z",""
"marcodejongh/ferry-checker","https://github.com/marcodejongh/ferry-checker","Checks for ferries to Tasmania","检查或跟踪前往塔斯马尼亚渡轮信息的项目。","旅游/地方体验","适合了解塔州旅行、目的地、路线、活动或地方体验类应用。 可作为第二梯队资料查看。","中","3","与塔州主题明确相关，但更偏内容展示、旅行记录或文化资料。","JavaScript","0","0","False","2023-03-01T04:48:40Z","2023-03-01T05:43:48Z","2023-03-01T23:31:53Z",""
"SanchoDev39/ExploreFlindersIsland","https://github.com/SanchoDev39/ExploreFlindersIsland","Webpage About Flinders Island - Tasmania","介绍塔斯马尼亚弗林德斯岛的网页项目。","旅游/地方体验","适合了解塔州旅行、目的地、路线、活动或地方体验类应用。 可作为第二梯队资料查看。","中","3","与塔州主题明确相关，但更偏内容展示、旅行记录或文化资料。","JavaScript","0","0","False","2024-09-30T01:46:42Z","2025-12-29T05:04:07Z","2026-01-13T13:19:59Z",""
"43South/Tasmanian-Councils","https://github.com/43South/Tasmanian-Councils","","原始描述为空；根据仓库名判断，可能是塔斯马尼亚相关资料、网站或应用项目。","政府/公共服务/开放数据","适合追踪塔州公共数据、政府服务、交通、消防、能源或地方议会信息。 相关性高，建议优先打开核查。","高","4","项目内容与塔州研究、数据或公共信息高度相关。","","0","0","False","2021-09-30T10:16:30Z","2021-09-30T10:16:30Z","2021-09-30T10:16:30Z",""
"chrmccar/tasmania_seasons","https://github.com/chrmccar/tasmania_seasons","A dataset of seasonal changes in Tasmanian ","与塔斯马尼亚有关的资料、应用或网站项目；原始描述较简略，建议打开 README 进一步确认。","其他 Tasmania 相关","与 Tasmania 有一定关系，建议结合 README 再判断具体价值。 描述信息较少或主题较边缘，可放在后面查看。","低","1","可以确认有塔州关联，但项目主题较泛或描述信息有限。","Python","0","0","False","2025-03-20T16:53:31Z","2025-03-25T14:08:36Z","2025-03-25T14:08:33Z",""
"RedThreadGrp/tasmanian_treasures","https://github.com/RedThreadGrp/tasmanian_treasures","handcrafted art and jewelry from the shores of tasmania australia","与塔斯马尼亚有关的资料、应用或网站项目；原始描述较简略，建议打开 README 进一步确认。","其他 Tasmania 相关","与 Tasmania 有一定关系，建议结合 README 再判断具体价值。 描述信息较少或主题较边缘，可放在后面查看。","低","1","可以确认有塔州关联，但项目主题较泛或描述信息有限。","JavaScript","0","0","False","2025-08-25T16:30:51Z","2025-08-29T03:04:39Z","2025-08-29T03:04:36Z",""
"travelens/tasmania-2023","https://github.com/travelens/tasmania-2023","We returned back to Tasmania after 5 years on 27 March-3 April 2023 to discover what has changed since the COVID lockdown.","塔斯马尼亚旅游、住宿、行程或目的地展示项目。","旅游/地方体验","适合了解塔州旅行、目的地、路线、活动或地方体验类应用。 可作为第二梯队资料查看。","中","3","与塔州主题明确相关，但更偏内容展示、旅行记录或文化资料。","Astro","0","0","False","2023-04-21T07:42:26Z","2025-03-04T06:59:56Z","2025-03-04T06:59:45Z",""
"acatling/eucalyptus-tasmania-project","https://github.com/acatling/eucalyptus-tasmania-project","","原始描述为空；根据仓库名判断，可能是塔斯马尼亚相关资料、网站或应用项目。","生态/气候/物种研究","适合关注塔州生态、气候、海洋、森林或本土物种研究。 相关性高，建议优先打开核查。","高","4","项目内容与塔州研究、数据或公共信息高度相关。","R","0","0","False","2022-08-01T06:11:22Z","2023-04-10T22:05:51Z","2023-11-01T03:17:09Z",""
"justDlight/Shop_Tasmania_CSS","https://github.com/justDlight/Shop_Tasmania_CSS","This code was developed by John Weiss for the Shop Tasmania Application.","塔斯马尼亚本地商业、生活服务或市场类项目。","本地商业/生活服务","适合了解塔州本地商业/生活服务案例，但一般不是核心技术项目。 可作为第二梯队资料查看。","中","2","与塔州本地服务或商业相关，但技术/数据价值通常较弱。","CSS","1","0","False","2023-03-15T02:32:10Z","2023-03-15T03:42:52Z","2023-03-15T04:14:45Z",""
"wragge/chinese-tasmania","https://github.com/wragge/chinese-tasmania","","原始描述为空；根据仓库名判断，可能是塔斯马尼亚相关资料、网站或应用项目。","其他 Tasmania 相关","与 Tasmania 有一定关系，建议结合 README 再判断具体价值。 描述信息较少或主题较边缘，可放在后面查看。","低","1","可以确认有塔州关联，但项目主题较泛或描述信息有限。","HTML","0","0","False","2023-04-28T02:07:13Z","2025-08-08T07:42:54Z","2025-08-08T07:42:51Z",""
"SofiaDL03/Airbnb_Tasmania","https://github.com/SofiaDL03/Airbnb_Tasmania","","原始描述为空；根据仓库名判断，可能是塔斯马尼亚相关资料、网站或应用项目。","本地商业/生活服务","适合了解塔州本地商业/生活服务案例，但一般不是核心技术项目。 可作为第二梯队资料查看。","中","2","与塔州本地服务或商业相关，但技术/数据价值通常较弱。","Jupyter Notebook","0","0","False","2023-11-07T09:39:11Z","2023-11-30T15:35:27Z","2023-11-30T15:35:10Z",""
"yanter/ccat","https://github.com/yanter/ccat","Chinese Community Association of Tasmania","塔斯马尼亚历史、文化、社区或人文资料项目。","历史/文化/社区","适合整理塔州历史、文化、社区组织或人文资料。 可作为第二梯队资料查看。","中","3","与塔州主题明确相关，但更偏内容展示、旅行记录或文化资料。","Astro","0","0","False","2026-01-27T21:46:11Z","2026-01-28T11:32:01Z","2026-01-28T11:31:54Z",""
"sergioiglevar/AIRBNB_TASMANIA","https://github.com/sergioiglevar/AIRBNB_TASMANIA","¿Es buena opcion Tasmania para invertir en viviendas turísticas?","分析或可视化塔斯马尼亚 Airbnb 房源数据的项目。","本地商业/生活服务","适合了解塔州本地商业/生活服务案例，但一般不是核心技术项目。 可作为第二梯队资料查看。","中","2","与塔州本地服务或商业相关，但技术/数据价值通常较弱。","Jupyter Notebook","0","0","False","2024-11-03T13:15:28Z","2024-11-03T13:37:34Z","2024-11-03T13:37:31Z",""
"RIKO910/tasmania-listing","https://github.com/RIKO910/tasmania-listing","","原始描述为空；根据仓库名判断，可能是塔斯马尼亚相关资料、网站或应用项目。","其他 Tasmania 相关","与 Tasmania 有一定关系，建议结合 README 再判断具体价值。 描述信息较少或主题较边缘，可放在后面查看。","低","1","可以确认有塔州关联，但项目主题较泛或描述信息有限。","PHP","0","0","False","2025-09-30T10:29:34Z","2025-09-30T10:30:26Z","2025-09-30T10:30:22Z",""
"olavobm/ITEnergySoutheastTasmania","https://github.com/olavobm/ITEnergySoutheastTasmania","","原始描述为空；根据仓库名判断，可能是塔斯马尼亚相关资料、网站或应用项目。","其他 Tasmania 相关","与 Tasmania 有一定关系，建议结合 README 再判断具体价值。 描述信息较少或主题较边缘，可放在后面查看。","低","1","可以确认有塔州关联，但项目主题较泛或描述信息有限。","","0","0","False","2021-01-13T03:08:13Z","2021-01-13T03:08:17Z","2021-01-13T03:08:15Z",""
"wragge/chinese-tasmania-jlite","https://github.com/wragge/chinese-tasmania-jlite","","原始描述为空；根据仓库名判断，可能是塔斯马尼亚相关资料、网站或应用项目。","其他 Tasmania 相关","与 Tasmania 有一定关系，建议结合 README 再判断具体价值。 描述信息较少或主题较边缘，可放在后面查看。","低","1","可以确认有塔州关联，但项目主题较泛或描述信息有限。","Jupyter Notebook","0","0","False","2025-08-15T04:04:38Z","2025-08-15T04:24:44Z","2025-08-15T04:24:41Z",""
"stanley0212/TasEatsServer","https://github.com/stanley0212/TasEatsServer","Tasmania Food Delivery for Restaurant Store","面向塔斯马尼亚的外卖/餐饮配送应用项目。","本地商业/生活服务","适合了解塔州本地商业/生活服务案例，但一般不是核心技术项目。 可作为第二梯队资料查看。","中","2","与塔州本地服务或商业相关，但技术/数据价值通常较弱。","Java","0","0","False","2021-04-03T14:22:53Z","2021-04-03T14:24:25Z","2021-04-03T14:24:22Z",""
"BR-JB-JR-Group-Projects/BWH-002-UHack-2018","https://github.com/BR-JB-JR-Group-Projects/BWH-002-UHack-2018","Entry for UHack Tasmania 2018","与塔斯马尼亚有关的资料、应用或网站项目；原始描述较简略，建议打开 README 进一步确认。","其他 Tasmania 相关","与 Tasmania 有一定关系，建议结合 README 再判断具体价值。 描述信息较少或主题较边缘，可放在后面查看。","低","1","可以确认有塔州关联，但项目主题较泛或描述信息有限。","Java","0","0","False","2018-07-12T23:33:14Z","2018-07-14T09:57:26Z","2018-07-14T22:03:10Z",""
"Atlantis-Ecosystem-Model/South_East_Tasmania_model","https://github.com/Atlantis-Ecosystem-Model/South_East_Tasmania_model","South East Tasmania Atlantis model","东南塔斯马尼亚 Atlantis 生态系统模型项目。","其他 Tasmania 相关","与 Tasmania 有一定关系，建议结合 README 再判断具体价值。 相关性高，建议优先打开核查。","高","5","主题直接指向塔斯马尼亚地点、机构、数据或物种，优先查看。","TypeScript","1","1","False","2018-10-31T22:36:01Z","2022-05-02T09:16:36Z","2022-07-01T03:52:04Z",""
"jakedoren/lost-in-tasmania","https://github.com/jakedoren/lost-in-tasmania","","原始描述为空；根据仓库名判断，可能是塔斯马尼亚相关资料、网站或应用项目。","其他 Tasmania 相关","与 Tasmania 有一定关系，建议结合 README 再判断具体价值。 描述信息较少或主题较边缘，可放在后面查看。","低","1","可以确认有塔州关联，但项目主题较泛或描述信息有限。","JavaScript","0","0","False","2021-06-26T17:49:09Z","2021-06-27T20:38:57Z","2021-06-27T20:38:55Z",""
"cintiaiha/Tasmanian_Macrocystis_genotyping","https://github.com/cintiaiha/Tasmanian_Macrocystis_genotyping","Scripts and pipelines used for Tasmanian Macrocystis pyrifera nuclear genome and genotyping.","塔斯马尼亚巨藻基因组和分型分析脚本。","生态/气候/物种研究","适合关注塔州生态、气候、海洋、森林或本土物种研究。 相关性高，建议优先打开核查。","高","4","项目内容与塔州研究、数据或公共信息高度相关。","HTML","0","0","False","2022-05-05T02:05:16Z","2022-10-06T00:00:13Z","2022-10-06T03:16:24Z",""
"WangQuanmeng/Conservation-Prioritization-Tasmania","https://github.com/WangQuanmeng/Conservation-Prioritization-Tasmania","experiments on how to prioritize zone selections for conservation planning","塔斯马尼亚保护优先级、保护规划或生态保护相关项目。","生态/气候/物种研究","适合关注塔州生态、气候、海洋、森林或本土物种研究。 相关性高，建议优先打开核查。","高","4","项目内容与塔州研究、数据或公共信息高度相关。","","0","0","False","2022-09-12T08:29:13Z","2022-09-12T08:29:13Z","2022-09-12T09:27:11Z",""
"lbesnard/River_Height_Tasmania","https://github.com/lbesnard/River_Height_Tasmania","A tool to send notification on twitter when a river is paddleable","塔斯马尼亚河流水位或可划船状态通知工具。","其他 Tasmania 相关","与 Tasmania 有一定关系，建议结合 README 再判断具体价值。 描述信息较少或主题较边缘，可放在后面查看。","低","1","可以确认有塔州关联，但项目主题较泛或描述信息有限。","Python","0","0","False","2014-05-15T07:01:49Z","2015-02-23T01:28:28Z","2016-02-15T00:05:28Z",""
"ahpoi/tasmania-overland-planner","https://github.com/ahpoi/tasmania-overland-planner","","原始描述为空；根据仓库名判断，可能是塔斯马尼亚相关资料、网站或应用项目。","旅游/地方体验","适合了解塔州旅行、目的地、路线、活动或地方体验类应用。 可作为第二梯队资料查看。","中","3","与塔州主题明确相关，但更偏内容展示、旅行记录或文化资料。","TypeScript","0","0","False","2026-03-23T11:47:48Z","2026-03-24T13:13:23Z","2026-03-24T13:13:18Z",""
"Getbusi/lgmtas","https://github.com/Getbusi/lgmtas","🌳 Lifestyle Garden Maintenance Tasmania website","塔斯马尼亚园艺/花园维护本地服务网站。","本地商业/生活服务","适合了解塔州本地商业/生活服务案例，但一般不是核心技术项目。 可作为第二梯队资料查看。","中","2","与塔州本地服务或商业相关，但技术/数据价值通常较弱。","HTML","0","0","False","2020-11-20T04:08:15Z","2026-03-02T03:54:29Z","2026-03-02T03:54:25Z",""
"peterfz30/gliding-tasmania-roster","https://github.com/peterfz30/gliding-tasmania-roster","","原始描述为空；根据仓库名判断，可能是塔斯马尼亚相关资料、网站或应用项目。","其他 Tasmania 相关","与 Tasmania 有一定关系，建议结合 README 再判断具体价值。 描述信息较少或主题较边缘，可放在后面查看。","低","1","可以确认有塔州关联，但项目主题较泛或描述信息有限。","HTML","0","0","False","2025-08-22T02:54:17Z","2025-08-22T02:57:40Z","2025-08-22T02:57:37Z",""
"Jlonndi/Tasmanian-RolePlay","https://github.com/Jlonndi/Tasmanian-RolePlay","Full source code for TassieRP with Custom Tasmanian Assets.. Releasing this project due to the fact it is abandoned and no longer worked on.. You may find some useful scripts in here maybe someone will get some use out of it.. Enjoy what was once tassieRP","与塔斯马尼亚有关的资料、应用或网站项目；原始描述较简略，建议打开 README 进一步确认。","其他 Tasmania 相关","与 Tasmania 有一定关系，建议结合 README 再判断具体价值。 描述信息较少或主题较边缘，可放在后面查看。","低","1","可以确认有塔州关联，但项目主题较泛或描述信息有限。","","1","0","False","2022-01-05T10:30:20Z","2022-05-24T15:59:45Z","2021-12-15T11:16:40Z",""
"KathyReid/round-tasmania-palette","https://github.com/KathyReid/round-tasmania-palette","A colour palette for Inkscape and GIMP based on Tania Walker's Round Tasmania artwork","与塔斯马尼亚有关的资料、应用或网站项目；原始描述较简略，建议打开 README 进一步确认。","其他 Tasmania 相关","与 Tasmania 有一定关系，建议结合 README 再判断具体价值。 描述信息较少或主题较边缘，可放在后面查看。","低","1","可以确认有塔州关联，但项目主题较泛或描述信息有限。","","0","0","False","2017-01-19T00:11:53Z","2017-01-19T00:11:53Z","2017-01-19T00:18:23Z",""
"530530530/North-Tasmania-Fishing","https://github.com/530530530/North-Tasmania-Fishing","","原始描述为空；根据仓库名判断，可能是塔斯马尼亚相关资料、网站或应用项目。","其他 Tasmania 相关","与 Tasmania 有一定关系，建议结合 README 再判断具体价值。 描述信息较少或主题较边缘，可放在后面查看。","低","1","可以确认有塔州关联，但项目主题较泛或描述信息有限。","","0","0","False","2025-05-14T10:02:12Z","2025-05-14T11:11:28Z","2025-05-14T11:11:24Z",""
"NakedJack/GreenGrowing","https://github.com/NakedJack/GreenGrowing","Startup for improving education in Tasmania","与塔斯马尼亚有关的资料、应用或网站项目；原始描述较简略，建议打开 README 进一步确认。","其他 Tasmania 相关","与 Tasmania 有一定关系，建议结合 README 再判断具体价值。 描述信息较少或主题较边缘，可放在后面查看。","低","1","可以确认有塔州关联，但项目主题较泛或描述信息有限。","C++","0","0","False","2019-09-08T01:37:21Z","2019-09-08T01:41:17Z","2019-09-08T01:41:16Z",""
"ConservationPrioritization/Tasmania-Conservation-Prioritization","https://github.com/ConservationPrioritization/Tasmania-Conservation-Prioritization","prioritization for conservation planning in Tasmania","塔斯马尼亚保护优先级、保护规划或生态保护相关项目。","生态/气候/物种研究","适合关注塔州生态、气候、海洋、森林或本土物种研究。 相关性高，建议优先打开核查。","高","4","项目内容与塔州研究、数据或公共信息高度相关。","","0","0","False","2022-09-12T11:22:21Z","2022-09-12T11:22:21Z","2022-10-01T04:38:47Z",""
"Sienna-Cowen/a.checkers-photography","https://github.com/Sienna-Cowen/a.checkers-photography","Young photographer based in Tasmania, Australia","与塔斯马尼亚有关的资料、应用或网站项目；原始描述较简略，建议打开 README 进一步确认。","其他 Tasmania 相关","与 Tasmania 有一定关系，建议结合 README 再判断具体价值。 描述信息较少或主题较边缘，可放在后面查看。","低","1","可以确认有塔州关联，但项目主题较泛或描述信息有限。","CSS","0","0","False","2018-01-29T01:10:17Z","2020-08-27T10:31:16Z","2020-08-27T10:31:14Z",""
"dentalimplanttasmania/dental-implants-tasmania","https://github.com/dentalimplanttasmania/dental-implants-tasmania","","原始描述为空；根据仓库名判断，可能是塔斯马尼亚相关资料、网站或应用项目。","本地商业/生活服务","适合了解塔州本地商业/生活服务案例，但一般不是核心技术项目。 可作为第二梯队资料查看。","中","2","与塔州本地服务或商业相关，但技术/数据价值通常较弱。","HTML","0","0","False","2025-08-30T11:48:13Z","2025-08-30T11:50:38Z","2025-08-30T11:48:26Z",""
"dennisroethig/tasmania-touring.com","https://github.com/dennisroethig/tasmania-touring.com","","原始描述为空；根据仓库名判断，可能是塔斯马尼亚相关资料、网站或应用项目。","旅游/地方体验","适合了解塔州旅行、目的地、路线、活动或地方体验类应用。 可作为第二梯队资料查看。","中","3","与塔州主题明确相关，但更偏内容展示、旅行记录或文化资料。","HTML","0","0","False","2013-08-15T21:34:35Z","2016-02-28T05:09:11Z","2016-02-28T05:09:10Z",""
"taziedevil/tasmania-realestate-heatmap","https://github.com/taziedevil/tasmania-realestate-heatmap","","原始描述为空；根据仓库名判断，可能是塔斯马尼亚相关资料、网站或应用项目。","地图/GIS/空间数据","适合作为塔州地图、地理边界、空间可视化或位置数据线索。 相关性高，建议优先打开核查。","高","4","项目内容与塔州研究、数据或公共信息高度相关。","HTML","0","0","False","2025-05-06T03:37:47Z","2025-05-06T04:22:14Z","2025-05-06T04:22:11Z",""
"yilinqiao/tasmania-2025-trip","https://github.com/yilinqiao/tasmania-2025-trip","","原始描述为空；根据仓库名判断，可能是塔斯马尼亚相关资料、网站或应用项目。","旅游/地方体验","适合了解塔州旅行、目的地、路线、活动或地方体验类应用。 可作为第二梯队资料查看。","中","3","与塔州主题明确相关，但更偏内容展示、旅行记录或文化资料。","HTML","0","0","False","2026-02-07T06:30:20Z","2026-02-07T08:22:49Z","2026-02-07T08:22:46Z",""
"dachshundpuppy/miniature-dachshund-puppies-tasmania","https://github.com/dachshundpuppy/miniature-dachshund-puppies-tasmania","","原始描述为空；根据仓库名判断，可能是塔斯马尼亚相关资料、网站或应用项目。","其他 Tasmania 相关","与 Tasmania 有一定关系，建议结合 README 再判断具体价值。 描述信息较少或主题较边缘，可放在后面查看。","低","1","可以确认有塔州关联，但项目主题较泛或描述信息有限。","HTML","0","0","False","2025-11-17T15:50:27Z","2025-11-17T17:42:34Z","2025-11-17T16:03:19Z",""
"surveyreports/utas-spc","https://github.com/surveyreports/utas-spc","University of Tasmania - Scenario Planning Capability","塔斯马尼亚大学课程、学生项目、作业或研究代码。","UTAS/教育/课程","适合了解塔斯马尼亚大学相关课程、模板、学生项目或研究代码。 可作为第二梯队资料查看。","中","3","与塔斯马尼亚大学相关，若关注本地教育/研究网络有参考价值。","HTML","0","0","False","2022-07-31T17:33:23Z","2022-07-31T17:41:20Z","2022-08-05T07:23:42Z",""
"taziedevil/tasmania-suburb-report-table","https://github.com/taziedevil/tasmania-suburb-report-table","","原始描述为空；根据仓库名判断，可能是塔斯马尼亚相关资料、网站或应用项目。","地图/GIS/空间数据","适合作为塔州地图、地理边界、空间可视化或位置数据线索。 相关性高，建议优先打开核查。","高","4","项目内容与塔州研究、数据或公共信息高度相关。","HTML","0","0","False","2025-05-13T08:50:46Z","2025-05-14T00:01:55Z","2025-05-14T00:01:52Z",""
"paulieokay/coupes","https://github.com/paulieokay/coupes","Coupe maps of Tasmania's forests","塔斯马尼亚相关地图、GIS、空间数据或地理可视化项目。","地图/GIS/空间数据","适合作为塔州地图、地理边界、空间可视化或位置数据线索。 相关性高，建议优先打开核查。","高","4","项目内容与塔州研究、数据或公共信息高度相关。","","0","0","False","2025-07-24T11:45:12Z","2025-08-05T06:42:12Z","2025-08-05T06:42:08Z",""
"taziedevil/tasmanian-suburb-table-map","https://github.com/taziedevil/tasmanian-suburb-table-map","","原始描述为空；根据仓库名判断，可能是塔斯马尼亚相关资料、网站或应用项目。","地图/GIS/空间数据","适合作为塔州地图、地理边界、空间可视化或位置数据线索。 相关性高，建议优先打开核查。","高","4","项目内容与塔州研究、数据或公共信息高度相关。","HTML","0","0","False","2025-05-14T00:08:10Z","2025-05-14T05:42:44Z","2025-05-14T05:42:39Z",""
"asbrown1/Purify","https://github.com/asbrown1/Purify","Game Project for University of Tasmania","塔斯马尼亚大学课程、学生项目、作业或研究代码。","UTAS/教育/课程","适合了解塔斯马尼亚大学相关课程、模板、学生项目或研究代码。 可作为第二梯队资料查看。","中","3","与塔斯马尼亚大学相关，若关注本地教育/研究网络有参考价值。","C#","0","0","False","2016-08-29T04:29:25Z","2016-08-29T05:04:20Z","2016-10-14T12:44:08Z",""
"martincherries-star/Bushmill-Tours","https://github.com/martincherries-star/Bushmill-Tours","Outdoor experience tours- North eastern Tasmania","塔斯马尼亚旅游、住宿、行程或目的地展示项目。","旅游/地方体验","适合了解塔州旅行、目的地、路线、活动或地方体验类应用。 可作为第二梯队资料查看。","中","3","与塔州主题明确相关，但更偏内容展示、旅行记录或文化资料。","HTML","0","0","False","2026-01-06T06:09:27Z","2026-01-06T06:15:42Z","2026-01-06T06:15:38Z",""
"joshgillies/tasmanian-developer-network","https://github.com/joshgillies/tasmanian-developer-network","Developers, developers, developers, developers!","与塔斯马尼亚有关的资料、应用或网站项目；原始描述较简略，建议打开 README 进一步确认。","其他 Tasmania 相关","与 Tasmania 有一定关系，建议结合 README 再判断具体价值。 描述信息较少或主题较边缘，可放在后面查看。","低","1","可以确认有塔州关联，但项目主题较泛或描述信息有限。","","0","0","False","2014-02-13T02:57:39Z","2014-02-13T02:57:39Z","2014-02-13T02:57:39Z",""
"tasmaniachinese/tasmaniachinese.github.io","https://github.com/tasmaniachinese/tasmaniachinese.github.io","TCSA","与塔斯马尼亚有关的资料、应用或网站项目；原始描述较简略，建议打开 README 进一步确认。","其他 Tasmania 相关","与 Tasmania 有一定关系，建议结合 README 再判断具体价值。 描述信息较少或主题较边缘，可放在后面查看。","低","1","可以确认有塔州关联，但项目主题较泛或描述信息有限。","TypeScript","0","0","False","2025-10-02T09:37:10Z","2026-01-23T10:18:50Z","2026-01-23T10:19:01Z",""
"Dasarijahnavi09/Tasmanian_backpacker_bot","https://github.com/Dasarijahnavi09/Tasmanian_backpacker_bot","","原始描述为空；根据仓库名判断，可能是塔斯马尼亚相关资料、网站或应用项目。","其他 Tasmania 相关","与 Tasmania 有一定关系，建议结合 README 再判断具体价值。 描述信息较少或主题较边缘，可放在后面查看。","低","1","可以确认有塔州关联，但项目主题较泛或描述信息有限。","Python","0","0","False","2025-10-19T23:47:30Z","2025-10-19T23:49:50Z","2025-10-19T23:49:45Z",""
"motomazza-hub/tasmania-trip-diary","https://github.com/motomazza-hub/tasmania-trip-diary","Tasmania Motorcycle Trip Diary - Cloud Synced","塔斯马尼亚旅游、住宿、行程或目的地展示项目。","旅游/地方体验","适合了解塔州旅行、目的地、路线、活动或地方体验类应用。 可作为第二梯队资料查看。","中","3","与塔州主题明确相关，但更偏内容展示、旅行记录或文化资料。","HTML","0","0","False","2026-03-20T14:11:38Z","2026-03-20T15:03:21Z","2026-03-20T15:03:18Z",""
"dtcrompton/tasmania-deforestation-detection","https://github.com/dtcrompton/tasmania-deforestation-detection","Deep learning for illegal deforestation detection in Tasmanian old-growth forests using Sentinel-2 satellite imagery","使用卫星影像/深度学习检测塔斯马尼亚森林砍伐的项目。","生态/气候/物种研究","适合关注塔州生态、气候、海洋、森林或本土物种研究。 相关性高，建议优先打开核查。","高","4","项目内容与塔州研究、数据或公共信息高度相关。","Python","0","0","False","2026-03-09T12:11:33Z","2026-04-07T02:55:51Z","2026-04-07T02:55:48Z",""
"DepyScrewball/1967-Tasmanian-fires","https://github.com/DepyScrewball/1967-Tasmanian-fires","","原始描述为空；根据仓库名判断，可能是塔斯马尼亚相关资料、网站或应用项目。","生态/气候/物种研究","适合关注塔州生态、气候、海洋、森林或本土物种研究。 相关性高，建议优先打开核查。","高","4","项目内容与塔州研究、数据或公共信息高度相关。","","0","0","False","2014-08-11T01:08:46Z","2014-08-11T01:08:46Z","2014-08-11T01:08:46Z",""
"luuDuyDinh/WildSafe_Tasmania","https://github.com/luuDuyDinh/WildSafe_Tasmania","First Architect Commit","与塔斯马尼亚有关的资料、应用或网站项目；原始描述较简略，建议打开 README 进一步确认。","其他 Tasmania 相关","与 Tasmania 有一定关系，建议结合 README 再判断具体价值。 描述信息较少或主题较边缘，可放在后面查看。","低","1","可以确认有塔州关联，但项目主题较泛或描述信息有限。","JavaScript","0","0","False","2026-01-26T12:43:10Z","2026-03-10T16:35:51Z","2026-01-26T12:43:17Z",""
"taziedevil/tasmania-real-estate-map","https://github.com/taziedevil/tasmania-real-estate-map","","原始描述为空；根据仓库名判断，可能是塔斯马尼亚相关资料、网站或应用项目。","地图/GIS/空间数据","适合作为塔州地图、地理边界、空间可视化或位置数据线索。 相关性高，建议优先打开核查。","高","4","项目内容与塔州研究、数据或公共信息高度相关。","HTML","0","0","False","2025-05-02T03:48:32Z","2025-05-06T03:48:10Z","2025-05-06T03:48:07Z",""
"peter-job/tasmanian-pioneer-index","https://github.com/peter-job/tasmanian-pioneer-index","","原始描述为空；根据仓库名判断，可能是塔斯马尼亚相关资料、网站或应用项目。","其他 Tasmania 相关","与 Tasmania 有一定关系，建议结合 README 再判断具体价值。 描述信息较少或主题较边缘，可放在后面查看。","低","1","可以确认有塔州关联，但项目主题较泛或描述信息有限。","","0","0","False","2026-02-01T06:39:34Z","2026-02-01T06:51:58Z","2026-02-01T06:51:55Z",""
"530530530/North-Tasmania-Fishing-Charters","https://github.com/530530530/North-Tasmania-Fishing-Charters","","原始描述为空；根据仓库名判断，可能是塔斯马尼亚相关资料、网站或应用项目。","其他 Tasmania 相关","与 Tasmania 有一定关系，建议结合 README 再判断具体价值。 描述信息较少或主题较边缘，可放在后面查看。","低","1","可以确认有塔州关联，但项目主题较泛或描述信息有限。","HTML","0","0","False","2025-05-14T09:56:57Z","2025-05-15T09:27:42Z","2025-05-15T09:19:29Z",""
"vinmasci/lutruwita_map","https://github.com/vinmasci/lutruwita_map","Interactive mapping application for Tasmania - restructured version","塔斯马尼亚相关地图、GIS、空间数据或地理可视化项目。","地图/GIS/空间数据","适合作为塔州地图、地理边界、空间可视化或位置数据线索。 相关性高，建议优先打开核查。","高","5","主题直接指向塔斯马尼亚地点、机构、数据或物种，优先查看。","TypeScript","0","0","False","2025-01-23T21:34:42Z","2025-01-23T22:33:18Z","2025-01-23T22:33:14Z",""
"Powered-Technical/Geocache-Spirit_of_Tasmania","https://github.com/Powered-Technical/Geocache-Spirit_of_Tasmania","","原始描述为空；根据仓库名判断，可能是塔斯马尼亚相关资料、网站或应用项目。","其他 Tasmania 相关","与 Tasmania 有一定关系，建议结合 README 再判断具体价值。 描述信息较少或主题较边缘，可放在后面查看。","低","1","可以确认有塔州关联，但项目主题较泛或描述信息有限。","","0","0","False","2025-08-13T04:11:36Z","2025-08-13T04:11:36Z","2025-08-13T04:11:36Z",""
"Jayden-Kearney/tasmania_species_app","https://github.com/Jayden-Kearney/tasmania_species_app","Open source cloud based web app visualising some of Tasmania's at risk species and the current threats they face","塔斯马尼亚生态、气候、海洋、森林或本土物种相关研究项目。","生态/气候/物种研究","适合关注塔州生态、气候、海洋、森林或本土物种研究。 相关性高，建议优先打开核查。","高","4","项目内容与塔州研究、数据或公共信息高度相关。","HTML","0","0","False","2025-10-12T00:21:45Z","2025-10-16T03:01:04Z","2025-10-16T03:00:59Z",""
"sylviapump/endemic-birds-of-tasmania","https://github.com/sylviapump/endemic-birds-of-tasmania","","原始描述为空；根据仓库名判断，可能是塔斯马尼亚相关资料、网站或应用项目。","生态/气候/物种研究","适合关注塔州生态、气候、海洋、森林或本土物种研究。 相关性高，建议优先打开核查。","高","4","项目内容与塔州研究、数据或公共信息高度相关。","","0","0","False","2024-09-23T00:45:16Z","2024-09-23T00:45:23Z","2024-09-23T00:45:20Z",""
"chirayu12/RAP","https://github.com/chirayu12/RAP","Research Assessment Program for University of Tasmania ","塔斯马尼亚大学课程、学生项目、作业或研究代码。","UTAS/教育/课程","适合了解塔斯马尼亚大学相关课程、模板、学生项目或研究代码。 可作为第二梯队资料查看。","中","3","与塔斯马尼亚大学相关，若关注本地教育/研究网络有参考价值。","","0","0","False","2020-11-11T05:47:38Z","2020-11-11T05:48:12Z","2020-11-11T05:48:11Z",""
"olya457/HobartSecretsTasmaniaCounty","https://github.com/olya457/HobartSecretsTasmaniaCounty","","原始描述为空；根据仓库名判断，可能是塔斯马尼亚相关资料、网站或应用项目。","其他 Tasmania 相关","与 Tasmania 有一定关系，建议结合 README 再判断具体价值。 描述信息较少或主题较边缘，可放在后面查看。","低","1","可以确认有塔州关联，但项目主题较泛或描述信息有限。","TypeScript","0","0","False","2025-12-19T19:29:29Z","2025-12-22T22:50:32Z","2025-12-22T22:50:28Z",""
"forsalebyhomeownerau/FSBO-listings-in-Tasmania","https://github.com/forsalebyhomeownerau/FSBO-listings-in-Tasmania","","原始描述为空；根据仓库名判断，可能是塔斯马尼亚相关资料、网站或应用项目。","其他 Tasmania 相关","与 Tasmania 有一定关系，建议结合 README 再判断具体价值。 描述信息较少或主题较边缘，可放在后面查看。","低","1","可以确认有塔州关联，但项目主题较泛或描述信息有限。","","0","0","False","2025-07-18T12:46:48Z","2025-07-18T12:46:48Z","2025-07-18T12:46:48Z",""
"bluewingedsoul/EWE-MarinePredators-Tasmania","https://github.com/bluewingedsoul/EWE-MarinePredators-Tasmania","Extreme Weather Effects on Marine Predator Breeding Outcomes in a Global Climate Change Hotspot","塔斯马尼亚生态、气候、海洋、森林或本土物种相关研究项目。","生态/气候/物种研究","适合关注塔州生态、气候、海洋、森林或本土物种研究。 相关性高，建议优先打开核查。","高","4","项目内容与塔州研究、数据或公共信息高度相关。","","0","0","False","2025-06-18T05:13:46Z","2025-06-18T05:15:31Z","2025-06-18T05:15:28Z",""
"tommyslik/QANT0065_TourismTasmania","https://github.com/tommyslik/QANT0065_TourismTasmania","","原始描述为空；根据仓库名判断，可能是塔斯马尼亚相关资料、网站或应用项目。","旅游/地方体验","适合了解塔州旅行、目的地、路线、活动或地方体验类应用。 可作为第二梯队资料查看。","中","3","与塔州主题明确相关，但更偏内容展示、旅行记录或文化资料。","CSS","0","0","False","2016-08-15T08:02:18Z","2016-08-15T08:02:38Z","2017-02-28T01:15:08Z",""
"Ryan-Ashton/Identifying-Tasmanian-Tigers-CNN","https://github.com/Ryan-Ashton/Identifying-Tasmanian-Tigers-CNN","Using Deep Learning to build a Tasmanian Tiger classifier","塔斯马尼亚生态、气候、海洋、森林或本土物种相关研究项目。","生态/气候/物种研究","适合关注塔州生态、气候、海洋、森林或本土物种研究。 相关性高，建议优先打开核查。","高","5","主题直接指向塔斯马尼亚地点、机构、数据或物种，优先查看。","Jupyter Notebook","0","0","False","2023-02-17T05:47:03Z","2023-02-17T05:52:10Z","2024-04-05T23:37:11Z",""
"Jamzy01/tasmanian-bike-tours-website","https://github.com/Jamzy01/tasmanian-bike-tours-website","","原始描述为空；根据仓库名判断，可能是塔斯马尼亚相关资料、网站或应用项目。","旅游/地方体验","适合了解塔州旅行、目的地、路线、活动或地方体验类应用。 可作为第二梯队资料查看。","中","3","与塔州主题明确相关，但更偏内容展示、旅行记录或文化资料。","TypeScript","0","0","False","2023-06-27T06:39:09Z","2023-06-27T06:42:50Z","2023-06-28T04:55:06Z",""
"Ecosystem-Indicators-Workflows/tasmanian-bogs-water-balance","https://github.com/Ecosystem-Indicators-Workflows/tasmanian-bogs-water-balance","","原始描述为空；根据仓库名判断，可能是塔斯马尼亚相关资料、网站或应用项目。","其他 Tasmania 相关","与 Tasmania 有一定关系，建议结合 README 再判断具体价值。 描述信息较少或主题较边缘，可放在后面查看。","低","1","可以确认有塔州关联，但项目主题较泛或描述信息有限。","Jupyter Notebook","1","0","False","2025-09-26T04:00:55Z","2026-02-03T22:49:02Z","2025-09-26T04:01:00Z",""
"Amilwickz/Ember_Project_University_of_Tasmania","https://github.com/Amilwickz/Ember_Project_University_of_Tasmania","Include all the python codes for various applications","与塔斯马尼亚有关的资料、应用或网站项目；原始描述较简略，建议打开 README 进一步确认。","其他 Tasmania 相关","与 Tasmania 有一定关系，建议结合 README 再判断具体价值。 描述信息较少或主题较边缘，可放在后面查看。","低","1","可以确认有塔州关联，但项目主题较泛或描述信息有限。","","0","0","False","2023-05-19T00:22:11Z","2023-05-19T00:22:12Z","2023-05-19T00:22:12Z",""
"MetalOctopus/Tasmanian-Geology-Map-Downloader","https://github.com/MetalOctopus/Tasmanian-Geology-Map-Downloader","A thingy to download all the maps from the Tasmanian Mineral Resources website","塔斯马尼亚相关地图、GIS、空间数据或地理可视化项目。","地图/GIS/空间数据","适合作为塔州地图、地理边界、空间可视化或位置数据线索。 相关性高，建议优先打开核查。","高","4","项目内容与塔州研究、数据或公共信息高度相关。","Python","0","0","False","2026-02-12T02:36:01Z","2026-02-12T08:11:44Z","2026-02-12T08:11:41Z",""
"Amino207/Tasmanian-grain-storage-network","https://github.com/Amino207/Tasmanian-grain-storage-network","Multi-site Cisco Packet Tracer network using OSPF, DHCP, DNS, firewall boundaries, and layered security for farm, transport, and storage coordination.","塔斯马尼亚本地商业、生活服务或市场类项目。","本地商业/生活服务","适合了解塔州本地商业/生活服务案例，但一般不是核心技术项目。 可作为第二梯队资料查看。","中","2","与塔州本地服务或商业相关，但技术/数据价值通常较弱。","","0","0","False","2026-03-31T22:00:38Z","2026-03-31T23:01:19Z","2026-03-31T23:01:15Z",""
"GITenberg/Wayside-Sketches-in-Tasmania_66275","https://github.com/GITenberg/Wayside-Sketches-in-Tasmania_66275","Wayside Sketches in Tasmania by S. H. Wintle is a Project Gutenberg book, now on Github.","来自 Project Gutenberg 的塔斯马尼亚历史/旅行文本项目。","历史/文化/社区","适合整理塔州历史、文化、社区组织或人文资料。 可作为第二梯队资料查看。","中","3","与塔州主题明确相关，但更偏内容展示、旅行记录或文化资料。","HTML","0","0","False","2021-09-13T22:13:01Z","2021-09-14T03:43:53Z","2021-09-14T03:43:50Z",""
"EliCarli/VarDyn_south_Tasmania_dataset","https://github.com/EliCarli/VarDyn_south_Tasmania_dataset","","原始描述为空；根据仓库名判断，可能是塔斯马尼亚相关资料、网站或应用项目。","其他 Tasmania 相关","与 Tasmania 有一定关系，建议结合 README 再判断具体价值。 描述信息较少或主题较边缘，可放在后面查看。","低","1","可以确认有塔州关联，但项目主题较泛或描述信息有限。","nesC","0","0","False","2025-05-19T07:09:09Z","2025-08-01T12:35:13Z","2025-08-01T12:35:09Z",""
"hastings-lab/tasmanian-devil-sei-models-teamawesome","https://github.com/hastings-lab/tasmanian-devil-sei-models-teamawesome","tasmanian-devil-sei-models-teamawesome created by GitHub Classroom","围绕塔斯马尼亚袋獾、袋獾面部肿瘤病或相关生态建模/识别的项目。","生态/气候/物种研究","适合关注塔州生态、气候、海洋、森林或本土物种研究。 相关性高，建议优先打开核查。","高","4","项目内容与塔州研究、数据或公共信息高度相关。","","0","0","False","2018-05-21T23:28:00Z","2018-05-21T23:28:13Z","2018-05-21T23:28:12Z",""
"failure-driven/railscamp-hobart-2018-slides","https://github.com/failure-driven/railscamp-hobart-2018-slides","RailsCamp 24 at Woodfield Hobart Tasmania Australia - slides","与塔斯马尼亚有关的资料、应用或网站项目；原始描述较简略，建议打开 README 进一步确认。","其他 Tasmania 相关","与 Tasmania 有一定关系，建议结合 README 再判断具体价值。 描述信息较少或主题较边缘，可放在后面查看。","低","1","可以确认有塔州关联，但项目主题较泛或描述信息有限。","HTML","0","0","False","2019-01-08T10:27:02Z","2020-05-25T00:30:35Z","2019-04-26T21:53:15Z",""
"Amilwickz/University-of-Tasmania-Ember-Project","https://github.com/Amilwickz/University-of-Tasmania-Ember-Project","Ember Project codes","与塔斯马尼亚有关的资料、应用或网站项目；原始描述较简略，建议打开 README 进一步确认。","其他 Tasmania 相关","与 Tasmania 有一定关系，建议结合 README 再判断具体价值。 描述信息较少或主题较边缘，可放在后面查看。","低","1","可以确认有塔州关联，但项目主题较泛或描述信息有限。","Python","0","0","False","2023-05-19T00:29:57Z","2023-05-19T00:32:00Z","2023-05-31T06:43:46Z",""
"arashsm79/tasmanian-devil-gene-enrichment-analysis","https://github.com/arashsm79/tasmanian-devil-gene-enrichment-analysis","The Tasmanian devil is endangered due to Devil Facial Tumour Disease (DFTD), a contagious cancer with no current treatment. Previous study has investigated the anticancer properties of Tasmanian devil cathelicidins. This report intends to reproduce the enrichment analysis results of the study and further analyze their data.","围绕塔斯马尼亚袋獾、袋獾面部肿瘤病或相关生态建模/识别的项目。","生态/气候/物种研究","适合关注塔州生态、气候、海洋、森林或本土物种研究。 相关性高，建议优先打开核查。","高","5","主题直接指向塔斯马尼亚地点、机构、数据或物种，优先查看。","TeX","0","0","False","2024-08-06T08:50:38Z","2024-08-06T09:17:14Z","2024-08-06T09:17:11Z","bioinformatics;cancer;edaseq;edger;gene-expression;gene-ontology;gene-set-enrichment-analysis;gsea;limma;multidimensional-scaling;r;rna-seq;tasmanian-devil"
"Maksym-Tykhonenko/HobartSecretsTasmaniaCountyOlya","https://github.com/Maksym-Tykhonenko/HobartSecretsTasmaniaCountyOlya","","原始描述为空；根据仓库名判断，可能是塔斯马尼亚相关资料、网站或应用项目。","其他 Tasmania 相关","与 Tasmania 有一定关系，建议结合 README 再判断具体价值。 描述信息较少或主题较边缘，可放在后面查看。","低","1","可以确认有塔州关联，但项目主题较泛或描述信息有限。","TypeScript","0","0","False","2026-01-08T13:14:36Z","2026-01-08T14:22:27Z","2026-01-08T14:22:24Z",""
"travistyzero/hydro-data","https://github.com/travistyzero/hydro-data","Parses Hydro Tasmania Dam levels spreadsheet to JSON","与 Hydro Tasmania 水电、水库或水文数据相关的数据处理/可视化项目。","政府/公共服务/开放数据","适合追踪塔州公共数据、政府服务、交通、消防、能源或地方议会信息。 相关性高，建议优先打开核查。","高","5","主题直接指向塔斯马尼亚地点、机构、数据或物种，优先查看。","JavaScript","0","0","False","2016-03-13T07:54:24Z","2016-03-15T04:15:14Z","2016-04-18T05:08:22Z",""
"mjec/metro-data","https://github.com/mjec/metro-data","Information from Metro Tasmania regarding on-time performance","Metro Tasmania 公交准点、取消或运营信息数据项目。","政府/公共服务/开放数据","适合追踪塔州公共数据、政府服务、交通、消防、能源或地方议会信息。 相关性高，建议优先打开核查。","高","5","主题直接指向塔斯马尼亚地点、机构、数据或物种，优先查看。","","0","0","False","2013-08-15T01:59:44Z","2013-10-10T03:15:52Z","2013-08-15T03:35:07Z",""
"LamuelCH/spOccupancy_TAS","https://github.com/LamuelCH/spOccupancy_TAS","spatial factor multi species occupancy model for tasmania","塔斯马尼亚相关地图、GIS、空间数据或地理可视化项目。","地图/GIS/空间数据","适合作为塔州地图、地理边界、空间可视化或位置数据线索。 相关性高，建议优先打开核查。","高","4","项目内容与塔州研究、数据或公共信息高度相关。","","0","0","False","2025-02-18T00:40:30Z","2025-02-18T00:40:33Z","2025-02-18T00:40:31Z",""
"Jonah-Wilbur/Tasmanian-devil-facial-tumour-disease-dynamics","https://github.com/Jonah-Wilbur/Tasmanian-devil-facial-tumour-disease-dynamics","A project to investigate the dynamics of the transmissible mammalian cancer that is currently threatening the survival of Tasmanian Devils as a species","围绕塔斯马尼亚袋獾、袋獾面部肿瘤病或相关生态建模/识别的项目。","生态/气候/物种研究","适合关注塔州生态、气候、海洋、森林或本土物种研究。 相关性高，建议优先打开核查。","高","5","主题直接指向塔斯马尼亚地点、机构、数据或物种，优先查看。","Jupyter Notebook","0","0","False","2024-03-06T23:12:11Z","2025-01-17T02:48:27Z","2025-01-17T02:48:26Z",""
"Chanpreet-Singh/Talk2Me-Tasmania-public","https://github.com/Chanpreet-Singh/Talk2Me-Tasmania-public","Public files to display from the research project - https://github.com/Chanpreet-Singh/Talk2Me-Tasmania which is private due to the presence of PHI data.","与塔斯马尼亚有关的资料、应用或网站项目；原始描述较简略，建议打开 README 进一步确认。","其他 Tasmania 相关","与 Tasmania 有一定关系，建议结合 README 再判断具体价值。 描述信息较少或主题较边缘，可放在后面查看。","低","1","可以确认有塔州关联，但项目主题较泛或描述信息有限。","HTML","0","0","False","2026-05-07T11:24:44Z","2026-05-07T12:12:02Z","2026-05-07T12:11:58Z",""
"ziogref/TAS-Fuel-HA-Intergration","https://github.com/ziogref/TAS-Fuel-HA-Intergration","An Intergration for Home Assistant to import Tasmanian Fuel prices and other information using sensors I personally wanted.","塔斯马尼亚政府、公共服务、开放数据或地方议会信息项目。","政府/公共服务/开放数据","适合追踪塔州公共数据、政府服务、交通、消防、能源或地方议会信息。 相关性高，建议优先打开核查。","高","5","主题直接指向塔斯马尼亚地点、机构、数据或物种，优先查看。","Python","7","0","False","2025-06-15T05:43:08Z","2026-04-28T02:02:01Z","2026-04-28T02:01:57Z","api;australia;hacs-integration;home-assistant;home-assistant-integration;home-automation;python;tasmania"
"lanceolata-au/prodromoi-api","https://github.com/lanceolata-au/prodromoi-api","A toolbox of automated business rules for Scouts Tasmania","塔斯马尼亚本地商业、生活服务或市场类项目。","本地商业/生活服务","适合了解塔州本地商业/生活服务案例，但一般不是核心技术项目。 可作为第二梯队资料查看。","中","2","与塔州本地服务或商业相关，但技术/数据价值通常较弱。","C#","0","0","False","2023-04-11T02:28:46Z","2023-04-11T02:30:54Z","2023-09-09T00:34:01Z",""
"ElijahCuff/Yellow-Pages-Scraper-Australia","https://github.com/ElijahCuff/Yellow-Pages-Scraper-Australia","PHP Project to test my community powered scraping using a php script and a CSV Database - Mainly N.E Tasmania, some Sydney & Melbourne also - Total's about a 1000 KLM Radius of Launceston Tasmania.","塔斯马尼亚朗塞斯顿城市尺度开放许可 LIDAR/三维扫描数据项目。","其他 Tasmania 相关","与 Tasmania 有一定关系，建议结合 README 再判断具体价值。 描述信息较少或主题较边缘，可放在后面查看。","低","1","可以确认有塔州关联，但项目主题较泛或描述信息有限。","PHP","2","0","False","2021-03-19T06:18:59Z","2023-02-08T14:55:41Z","2022-12-14T17:22:22Z",""
"fredfery/3d-land-cover-map-Tasmania-esri","https://github.com/fredfery/3d-land-cover-map-Tasmania-esri","","原始描述为空；根据仓库名判断，可能是塔斯马尼亚相关资料、网站或应用项目。","地图/GIS/空间数据","适合作为塔州地图、地理边界、空间可视化或位置数据线索。 相关性高，建议优先打开核查。","高","4","项目内容与塔州研究、数据或公共信息高度相关。","R","0","0","False","2024-12-11T20:27:31Z","2024-12-23T04:33:36Z","2024-12-23T04:33:32Z",""
"unitingstats-spec/UnitingStats","https://github.com/unitingstats-spec/UnitingStats","Stat on the Uniting Church in Victoria and Tasmania","塔斯马尼亚历史、文化、社区或人文资料项目。","历史/文化/社区","适合整理塔州历史、文化、社区组织或人文资料。 可作为第二梯队资料查看。","中","3","与塔州主题明确相关，但更偏内容展示、旅行记录或文化资料。","HTML","0","0","False","2025-10-19T03:13:54Z","2025-10-19T04:51:45Z","2025-10-19T04:51:42Z",""
"rdmpage/pap-proc-roy-soc-tas","https://github.com/rdmpage/pap-proc-roy-soc-tas","Papers and proceedings of the Royal Society of Tasmania","塔斯马尼亚历史、文化、社区或人文资料项目。","历史/文化/社区","适合整理塔州历史、文化、社区组织或人文资料。 相关性高，建议优先打开核查。","高","5","主题直接指向塔斯马尼亚地点、机构、数据或物种，优先查看。","PHP","0","0","False","2025-02-20T17:22:26Z","2025-02-25T08:55:16Z","2025-02-25T08:55:12Z",""
"bicycleboy/nsw_tas_fuel_station","https://github.com/bicycleboy/nsw_tas_fuel_station","Include cheapest fuel prices and favourite station prices in your Home Assistant dashboard.  For NSW, the ACT and Tasmania (Australia).","塔斯马尼亚政府、公共服务、开放数据或地方议会信息项目。","政府/公共服务/开放数据","适合追踪塔州公共数据、政府服务、交通、消防、能源或地方议会信息。 相关性高，建议优先打开核查。","高","4","项目内容与塔州研究、数据或公共信息高度相关。","Python","3","1","False","2025-10-09T06:03:08Z","2026-04-20T04:10:00Z","2026-04-20T04:09:56Z","fuel-prices;hacs-integration;home-assistant;home-assistant-integration;nsw;python;tasmania"
"GITenberg/The-History-of-Tasmania-Volume-I_24362","https://github.com/GITenberg/The-History-of-Tasmania-Volume-I_24362","The History of Tasmania, Volume I by West, John
 is a Project Gutenberg book, now on Github.","来自 Project Gutenberg 的塔斯马尼亚历史/旅行文本项目。","历史/文化/社区","适合整理塔州历史、文化、社区组织或人文资料。 相关性高，建议优先打开核查。","高","5","主题直接指向塔斯马尼亚地点、机构、数据或物种，优先查看。","HTML","0","0","False","2014-07-31T04:32:56Z","2018-10-29T18:56:07Z","2018-10-18T22:34:05Z",""
"fredfery/3d-land-cover-map-Tasmania-esa","https://github.com/fredfery/3d-land-cover-map-Tasmania-esa","","原始描述为空；根据仓库名判断，可能是塔斯马尼亚相关资料、网站或应用项目。","地图/GIS/空间数据","适合作为塔州地图、地理边界、空间可视化或位置数据线索。 相关性高，建议优先打开核查。","高","4","项目内容与塔州研究、数据或公共信息高度相关。","R","0","0","False","2024-12-23T04:25:41Z","2024-12-23T08:52:32Z","2024-12-23T08:52:28Z",""
"savindalak/UV-Index-analysis-for-Tasmania-Kingston-","https://github.com/savindalak/UV-Index-analysis-for-Tasmania-Kingston-","This is a UV index analysis and comparison for Tasmania","与塔斯马尼亚有关的资料、应用或网站项目；原始描述较简略，建议打开 README 进一步确认。","其他 Tasmania 相关","与 Tasmania 有一定关系，建议结合 README 再判断具体价值。 描述信息较少或主题较边缘，可放在后面查看。","低","1","可以确认有塔州关联，但项目主题较泛或描述信息有限。","Jupyter Notebook","0","0","False","2020-02-08T11:55:36Z","2020-03-23T07:10:34Z","2020-03-23T07:10:32Z",""
"43South/westtamarda","https://github.com/43South/westtamarda","West Tamar Council Tasmania Development Application scraper for plannningalerts","塔斯马尼亚政府、公共服务、开放数据或地方议会信息项目。","政府/公共服务/开放数据","适合追踪塔州公共数据、政府服务、交通、消防、能源或地方议会信息。 相关性高，建议优先打开核查。","高","4","项目内容与塔州研究、数据或公共信息高度相关。","Python","0","0","False","2021-09-17T07:33:51Z","2021-09-19T00:13:31Z","2021-09-19T00:13:29Z",""
"dmarco1976/TazAgents","https://github.com/dmarco1976/TazAgents","List of all Active Real Estate Agents in Tasmania, Australia","塔斯马尼亚房地产、房价、贷款或地产展示相关项目。","本地商业/生活服务","适合了解塔州本地商业/生活服务案例，但一般不是核心技术项目。 可作为第二梯队资料查看。","中","2","与塔州本地服务或商业相关，但技术/数据价值通常较弱。","Python","0","0","False","2026-01-04T18:31:35Z","2026-01-04T23:27:06Z","2026-01-07T23:20:40Z",""
"GITenberg/The-History-of-Tasmania-Volume-II_22849","https://github.com/GITenberg/The-History-of-Tasmania-Volume-II_22849","The History of Tasmania , Volume II by West, John
 is a Project Gutenberg book, now on Github.","来自 Project Gutenberg 的塔斯马尼亚历史/旅行文本项目。","历史/文化/社区","适合整理塔州历史、文化、社区组织或人文资料。 相关性高，建议优先打开核查。","高","5","主题直接指向塔斯马尼亚地点、机构、数据或物种，优先查看。","HTML","0","0","False","2014-07-31T00:23:08Z","2018-10-29T17:58:46Z","2018-10-18T18:46:16Z",""
"Koen-vdl/SARS-CoV-2-Tasmania-Nextstrain-build","https://github.com/Koen-vdl/SARS-CoV-2-Tasmania-Nextstrain-build","","原始描述为空；根据仓库名判断，可能是塔斯马尼亚相关资料、网站或应用项目。","其他 Tasmania 相关","与 Tasmania 有一定关系，建议结合 README 再判断具体价值。 描述信息较少或主题较边缘，可放在后面查看。","低","1","可以确认有塔州关联，但项目主题较泛或描述信息有限。","","0","0","False","2025-07-22T03:34:21Z","2025-10-28T01:26:47Z","2025-10-28T01:26:43Z",""
"Tas-Tech-Talks/tas-tech-events","https://github.com/Tas-Tech-Talks/tas-tech-events","A website listing tech events, meetups, etc in Tasmania","与塔斯马尼亚有关的资料、应用或网站项目；原始描述较简略，建议打开 README 进一步确认。","其他 Tasmania 相关","与 Tasmania 有一定关系，建议结合 README 再判断具体价值。 描述信息较少或主题较边缘，可放在后面查看。","低","1","可以确认有塔州关联，但项目主题较泛或描述信息有限。","HTML","1","0","False","2025-11-21T02:17:22Z","2025-11-26T01:45:23Z","2025-11-26T01:45:19Z",""
"elpedroluis/tas_edge_radio","https://github.com/elpedroluis/tas_edge_radio","A radio player based on Radio Edge Tasmania 99.3","与塔斯马尼亚有关的资料、应用或网站项目；原始描述较简略，建议打开 README 进一步确认。","其他 Tasmania 相关","与 Tasmania 有一定关系，建议结合 README 再判断具体价值。 描述信息较少或主题较边缘，可放在后面查看。","低","1","可以确认有塔州关联，但项目主题较泛或描述信息有限。","C++","0","0","False","2025-09-17T11:11:04Z","2025-09-17T11:11:47Z","2025-09-17T11:11:43Z",""
"johnnyroodt/RT3D","https://github.com/johnnyroodt/RT3D","RT3D for Unity Game Developer course by Creative Arts Tasmania","Arts Tasmania 艺术资助或霍巴特艺术项目相关资料。","历史/文化/社区","适合整理塔州历史、文化、社区组织或人文资料。 可作为第二梯队资料查看。","中","3","与塔州主题明确相关，但更偏内容展示、旅行记录或文化资料。","","0","0","False","2023-10-07T05:17:11Z","2023-10-07T05:17:11Z","2023-10-07T05:17:13Z",""
"franciscoalbergoli/Sea_Urchin_Catcher","https://github.com/franciscoalbergoli/Sea_Urchin_Catcher","An educational game about urchin fisheries in Lutruwita (Tasmania).","塔斯马尼亚生态、气候、海洋、森林或本土物种相关研究项目。","生态/气候/物种研究","适合关注塔州生态、气候、海洋、森林或本土物种研究。 相关性高，建议优先打开核查。","高","5","主题直接指向塔斯马尼亚地点、机构、数据或物种，优先查看。","JavaScript","0","0","False","2026-02-13T02:48:52Z","2026-02-13T02:51:15Z","2026-02-13T02:51:11Z",""
"AlexJPaton/BodyDimensions","https://github.com/AlexJPaton/BodyDimensions","Code for manuscript on feral cat body dimensions in Tasmania.","塔斯马尼亚生态、气候、海洋、森林或本土物种相关研究项目。","生态/气候/物种研究","适合关注塔州生态、气候、海洋、森林或本土物种研究。 相关性高，建议优先打开核查。","高","4","项目内容与塔州研究、数据或公共信息高度相关。","","0","0","False","2024-02-12T10:49:26Z","2024-02-12T10:49:27Z","2024-02-12T10:51:20Z",""
"mdsumner/L2-2022-04-tas","https://github.com/mdsumner/L2-2022-04-tas","a set of swaths from ocean colour L2 around tasmania","与塔斯马尼亚有关的资料、应用或网站项目；原始描述较简略，建议打开 README 进一步确认。","其他 Tasmania 相关","与 Tasmania 有一定关系，建议结合 README 再判断具体价值。 描述信息较少或主题较边缘，可放在后面查看。","低","1","可以确认有塔州关联，但项目主题较泛或描述信息有限。","R","0","0","False","2023-04-17T10:33:36Z","2023-04-17T11:03:22Z","2023-04-18T11:45:26Z",""
"kittoyeah/regionalmate","https://github.com/kittoyeah/regionalmate","RegionalMate | Regional Decisions Made Easy by Lutruwita, University of Tasmania(UTAS)","塔斯马尼亚大学课程、学生项目、作业或研究代码。","UTAS/教育/课程","适合了解塔斯马尼亚大学相关课程、模板、学生项目或研究代码。 相关性高，建议优先打开核查。","高","5","主题直接指向塔斯马尼亚地点、机构、数据或物种，优先查看。","HTML","0","0","False","2025-08-17T08:22:14Z","2025-08-20T07:31:43Z","2025-08-20T07:31:40Z",""
"giftfairy/Discover-George-Town","https://github.com/giftfairy/Discover-George-Town","Your guide to businesses, services, and attractions in George Town, Tasmania","围绕塔斯马尼亚旅行、目的地、路线或地方体验的项目。","旅游/地方体验","适合了解塔州旅行、目的地、路线、活动或地方体验类应用。 可作为第二梯队资料查看。","中","3","与塔州主题明确相关，但更偏内容展示、旅行记录或文化资料。","HTML","0","0","False","2026-01-18T08:36:12Z","2026-01-19T08:03:06Z","2026-01-19T08:03:02Z",""
"KimJuWan1/Classifying-Tasmanian-Bird-Vocalizations-Using-machine-learning-with-Data-Augmentation","https://github.com/KimJuWan1/Classifying-Tasmanian-Bird-Vocalizations-Using-machine-learning-with-Data-Augmentation","","原始描述为空；根据仓库名判断，可能是塔斯马尼亚相关资料、网站或应用项目。","其他 Tasmania 相关","与 Tasmania 有一定关系，建议结合 README 再判断具体价值。 描述信息较少或主题较边缘，可放在后面查看。","低","1","可以确认有塔州关联，但项目主题较泛或描述信息有限。","Jupyter Notebook","0","0","False","2026-03-08T04:18:33Z","2026-03-23T05:47:33Z","2026-03-08T04:48:52Z",""
"cooindaonthebeach/cooindaonthebeach","https://github.com/cooindaonthebeach/cooindaonthebeach","Welcome to CooindaOnThe Beach, a luxury beachfront retreat in Bicheno, Tasmania.","塔斯马尼亚旅游、住宿、行程或目的地展示项目。","旅游/地方体验","适合了解塔州旅行、目的地、路线、活动或地方体验类应用。 可作为第二梯队资料查看。","中","3","与塔州主题明确相关，但更偏内容展示、旅行记录或文化资料。","","0","0","False","2026-01-20T05:34:33Z","2026-01-20T05:34:33Z","2026-01-20T05:34:33Z",""
"exxamalte/python-georss-tfs-incidents-client","https://github.com/exxamalte/python-georss-tfs-incidents-client","Library for convenient access to the Tasmania Fire Service Incidents GeoRSS feed.","塔斯马尼亚消防事件 GeoRSS 或应急信息客户端。","地图/GIS/空间数据","适合作为塔州地图、地理边界、空间可视化或位置数据线索。 仓库已归档，主要适合参考，不适合作为活跃依赖。","高","5","主题直接指向塔斯马尼亚地点、机构、数据或物种，优先查看。","Python","0","0","True","2019-03-27T07:30:48Z","2025-11-01T12:25:22Z","2025-11-01T12:25:04Z","georss"
"kimberleywarmsprings/kimberleywarmsprings","https://github.com/kimberleywarmsprings/kimberleywarmsprings","A simple site to raise awareness about Kimberley Warm Springs in Tasmania","与塔斯马尼亚有关的资料、应用或网站项目；原始描述较简略，建议打开 README 进一步确认。","其他 Tasmania 相关","与 Tasmania 有一定关系，建议结合 README 再判断具体价值。 描述信息较少或主题较边缘，可放在后面查看。","低","1","可以确认有塔州关联，但项目主题较泛或描述信息有限。","HTML","0","0","False","2025-08-08T06:27:59Z","2025-08-20T13:13:57Z","2025-08-20T13:13:53Z",""
"JonathanHolvey/tastopo","https://github.com/JonathanHolvey/tastopo","A CLI tool for generating printable topographic maps for anywhere in Tasmania","用于制作或展示地形图的项目，数据层覆盖新南威尔士州和塔斯马尼亚。","地图/GIS/空间数据","适合作为塔州地图、地理边界、空间可视化或位置数据线索。 相关性高，建议优先打开核查。","高","4","项目内容与塔州研究、数据或公共信息高度相关。","Python","0","0","False","2021-08-01T12:28:00Z","2025-03-28T10:18:39Z","2025-07-23T11:49:42Z",""
"anilbhattaraitoronto/everest","https://github.com/anilbhattaraitoronto/everest","A responsive, mobile-first website for Everest Magazine of Hobbart Tasmania","与塔斯马尼亚有关的资料、应用或网站项目；原始描述较简略，建议打开 README 进一步确认。","其他 Tasmania 相关","与 Tasmania 有一定关系，建议结合 README 再判断具体价值。 描述信息较少或主题较边缘，可放在后面查看。","低","1","可以确认有塔州关联，但项目主题较泛或描述信息有限。","HTML","0","0","False","2018-12-30T05:43:54Z","2019-01-01T07:26:35Z","2019-01-01T07:26:33Z",""
"nf-s/multiverse-website","https://github.com/nf-s/multiverse-website","Website for the Multiverse 2025 music and arts festival in Tasmania, Australia","围绕塔斯马尼亚旅行、目的地、路线或地方体验的项目。","旅游/地方体验","适合了解塔州旅行、目的地、路线、活动或地方体验类应用。 可作为第二梯队资料查看。","中","3","与塔州主题明确相关，但更偏内容展示、旅行记录或文化资料。","TypeScript","0","1","False","2023-07-13T08:31:44Z","2026-05-03T22:26:14Z","2025-01-20T13:39:29Z",""
"vidyajay1/Farm-Guide-App","https://github.com/vidyajay1/Farm-Guide-App"," Created an app using XCode with Swift about a farm in Tasmania.","塔斯马尼亚本地商业、生活服务或市场类项目。","本地商业/生活服务","适合了解塔州本地商业/生活服务案例，但一般不是核心技术项目。 可作为第二梯队资料查看。","中","2","与塔州本地服务或商业相关，但技术/数据价值通常较弱。","Swift","1","0","False","2019-09-01T08:03:06Z","2020-09-03T22:35:06Z","2020-09-03T22:35:04Z",""
"girish1993/ETS-vs-ARIMA-for-Retail-Data-for-Tasmania---Business-Forecasting","https://github.com/girish1993/ETS-vs-ARIMA-for-Retail-Data-for-Tasmania---Business-Forecasting","","原始描述为空；根据仓库名判断，可能是塔斯马尼亚相关资料、网站或应用项目。","本地商业/生活服务","适合了解塔州本地商业/生活服务案例，但一般不是核心技术项目。 可作为第二梯队资料查看。","中","2","与塔州本地服务或商业相关，但技术/数据价值通常较弱。","R","0","0","False","2019-08-05T09:40:30Z","2019-08-05T09:58:17Z","2019-08-05T09:58:15Z",""
"Kirirou/farmtasker-au","https://github.com/Kirirou/farmtasker-au","Rust e-commerce website on Leptos framework for local farmers in Tasmania","塔斯马尼亚本地商业、生活服务或市场类项目。","本地商业/生活服务","适合了解塔州本地商业/生活服务案例，但一般不是核心技术项目。 可作为第二梯队资料查看。","中","2","与塔州本地服务或商业相关，但技术/数据价值通常较弱。","Rust","0","0","False","2024-09-03T06:48:57Z","2026-05-04T09:53:12Z","2026-01-17T18:47:38Z",""
"Hobart-Hostel-Accommodation/Tony-Guerra","https://github.com/Hobart-Hostel-Accommodation/Tony-Guerra","Hobart-Hostel-Accommodation in 41 Barrack Street, Hobart, 7000, Tasmania, Australia, 7000","塔斯马尼亚旅游、住宿、行程或目的地展示项目。","旅游/地方体验","适合了解塔州旅行、目的地、路线、活动或地方体验类应用。 可作为第二梯队资料查看。","中","3","与塔州主题明确相关，但更偏内容展示、旅行记录或文化资料。","","0","0","False","2016-02-03T06:36:19Z","2016-02-03T06:36:19Z","2016-02-03T06:36:19Z",""
"galckmin/PhD_DataAnalysis","https://github.com/galckmin/PhD_DataAnalysis","Gustavo Togeiro de Alckmin. PhD Data Analysis. University of Tasmania; Wageningen University","塔斯马尼亚大学课程、学生项目、作业或研究代码。","UTAS/教育/课程","适合了解塔斯马尼亚大学相关课程、模板、学生项目或研究代码。 可作为第二梯队资料查看。","中","3","与塔斯马尼亚大学相关，若关注本地教育/研究网络有参考价值。","","0","0","False","2018-01-28T23:44:53Z","2018-01-28T23:44:53Z","2018-01-28T23:44:54Z",""
"u7293638/aus-ghost-map","https://github.com/u7293638/aus-ghost-map","Map of Ghost Stories in Tasmania and Australia, extracted from Trove data","塔斯马尼亚相关地图、GIS、空间数据或地理可视化项目。","地图/GIS/空间数据","适合作为塔州地图、地理边界、空间可视化或位置数据线索。 相关性高，建议优先打开核查。","高","4","项目内容与塔州研究、数据或公共信息高度相关。","","0","0","False","2023-10-10T02:35:28Z","2023-10-16T05:10:01Z","2023-10-27T21:57:05Z",""
"equivalentideas/tas_lg_directory_councillors","https://github.com/equivalentideas/tas_lg_directory_councillors","The names of elected councillors at local government councils in Tasmania, Australia","抓取塔斯马尼亚地方议会规划申请数据的项目。","政府/公共服务/开放数据","适合追踪塔州公共数据、政府服务、交通、消防、能源或地方议会信息。 相关性高，建议优先打开核查。","高","4","项目内容与塔州研究、数据或公共信息高度相关。","Ruby","0","1","False","2016-05-06T06:10:10Z","2016-05-06T06:10:13Z","2016-05-08T05:33:05Z",""
"nf-s/tas-convict-datavis-d3","https://github.com/nf-s/tas-convict-datavis-d3","Health of Convicts during Voyages to Tasmania - D3 and Stardust.js Visualisation","检索或可视化 19 世纪被流放至塔斯马尼亚的囚犯资料。","历史/文化/社区","适合整理塔州历史、文化、社区组织或人文资料。 可作为第二梯队资料查看。","中","3","与塔州主题明确相关，但更偏内容展示、旅行记录或文化资料。","JavaScript","0","0","False","2018-01-16T06:24:58Z","2023-06-14T06:08:48Z","2023-06-14T06:08:43Z",""
"namedummy568-stack/Indigenous_Studies_Research","https://github.com/namedummy568-stack/Indigenous_Studies_Research","Research on the impact of European settlement on Aboriginal communities in Tasmania.","塔斯马尼亚历史、文化、社区或人文资料项目。","历史/文化/社区","适合整理塔州历史、文化、社区组织或人文资料。 可作为第二梯队资料查看。","中","3","与塔州主题明确相关，但更偏内容展示、旅行记录或文化资料。","","0","0","False","2025-09-21T12:03:20Z","2025-09-21T12:04:02Z","2025-09-21T12:03:59Z",""
"lukaslindenthal/flight-campaign-rf01-demo","https://github.com/lukaslindenthal/flight-campaign-rf01-demo","This is a web map of a flight campaign in southern Tasmania","塔斯马尼亚相关地图、GIS、空间数据或地理可视化项目。","地图/GIS/空间数据","适合作为塔州地图、地理边界、空间可视化或位置数据线索。 相关性高，建议优先打开核查。","高","5","主题直接指向塔斯马尼亚地点、机构、数据或物种，优先查看。","JavaScript","0","0","False","2023-04-13T23:40:46Z","2023-04-13T23:48:47Z","2023-04-13T23:51:47Z",""
"SorkinType/TASSchoolHandAustralia","https://github.com/SorkinType/TASSchoolHandAustralia","This font family is made to support handwriting instruction as offered in Tasmania, Australia","与塔斯马尼亚有关的资料、应用或网站项目；原始描述较简略，建议打开 README 进一步确认。","其他 Tasmania 相关","与 Tasmania 有一定关系，建议结合 README 再判断具体价值。 描述信息较少或主题较边缘，可放在后面查看。","低","1","可以确认有塔州关联，但项目主题较泛或描述信息有限。","Python","0","0","False","2023-09-30T03:37:13Z","2023-10-04T05:06:30Z","2024-03-20T11:10:57Z","australia;font;fonts;handwriting-instruction;tasmania;tasmanian"
"sdesalas/pocket-convict-finder","https://github.com/sdesalas/pocket-convict-finder","Mobile app for searching 85,000 convicts transported to Tasmania in the 19th century.","检索或可视化 19 世纪被流放至塔斯马尼亚的囚犯资料。","历史/文化/社区","适合整理塔州历史、文化、社区组织或人文资料。 可作为第二梯队资料查看。","中","3","与塔州主题明确相关，但更偏内容展示、旅行记录或文化资料。","","0","0","False","2015-07-03T15:36:55Z","2016-01-12T06:00:20Z","2016-01-12T05:59:07Z",""
"TheMartianLife/Honours-Presentation","https://github.com/TheMartianLife/Honours-Presentation","Mid-year and final presentations for 2019 Honours project at the University of Tasmania.","塔斯马尼亚大学课程、学生项目、作业或研究代码。","UTAS/教育/课程","适合了解塔斯马尼亚大学相关课程、模板、学生项目或研究代码。 仓库已归档，主要适合参考，不适合作为活跃依赖。","中","3","与塔斯马尼亚大学相关，若关注本地教育/研究网络有参考价值。","","0","0","True","2019-05-24T03:43:49Z","2023-01-28T07:44:48Z","2019-10-20T07:53:58Z",""
"sage3648/KIT107-Programming","https://github.com/sage3648/KIT107-Programming","My completed assignment work for KIT107, a C programming unit at the University of Tasmania","塔斯马尼亚大学课程、学生项目、作业或研究代码。","UTAS/教育/课程","适合了解塔斯马尼亚大学相关课程、模板、学生项目或研究代码。 可作为第二梯队资料查看。","中","3","与塔斯马尼亚大学相关，若关注本地教育/研究网络有参考价值。","C","1","0","False","2019-06-20T10:12:44Z","2021-02-11T22:30:19Z","2019-06-20T10:32:56Z",""
"fengjianmenglab/Code-and-data-availability-for-niche-and-range-dynamics-ofTasmanian-blue-gum","https://github.com/fengjianmenglab/Code-and-data-availability-for-niche-and-range-dynamics-ofTasmanian-blue-gum","","原始描述为空；根据仓库名判断，可能是塔斯马尼亚相关资料、网站或应用项目。","其他 Tasmania 相关","与 Tasmania 有一定关系，建议结合 README 再判断具体价值。 描述信息较少或主题较边缘，可放在后面查看。","低","1","可以确认有塔州关联，但项目主题较泛或描述信息有限。","R","0","0","False","2022-01-08T12:14:59Z","2022-01-08T12:17:20Z","2022-01-08T12:17:17Z",""
"mahirs291/house-price-analysis","https://github.com/mahirs291/house-price-analysis","Analysis of house prices in Tasmania, including acquisition of data and application of BI","塔斯马尼亚房地产、房价、贷款或地产展示相关项目。","本地商业/生活服务","适合了解塔州本地商业/生活服务案例，但一般不是核心技术项目。 可作为第二梯队资料查看。","中","2","与塔州本地服务或商业相关，但技术/数据价值通常较弱。","Jupyter Notebook","0","0","False","2024-06-20T19:34:09Z","2024-07-04T18:21:01Z","2024-06-21T08:54:14Z",""
"RobTheOceanographer/tassie_sst_climatology","https://github.com/RobTheOceanographer/tassie_sst_climatology","Representative climatologies of sea surface temperature (SST) around Tasmania for the Tasmanian Salmon aquaculture industry.","处理塔斯马尼亚周边海域海表温度观测和气候模型数据的代码。","生态/气候/物种研究","适合关注塔州生态、气候、海洋、森林或本土物种研究。 相关性高，建议优先打开核查。","高","4","项目内容与塔州研究、数据或公共信息高度相关。","","1","0","False","2016-08-03T23:45:37Z","2018-11-14T22:17:10Z","2016-08-04T23:15:00Z",""
"Cantina-Latina/site","https://github.com/Cantina-Latina/site","Demo of JS/React skills while creating a public face for Cantina Latina Tasmania","与塔斯马尼亚有关的资料、应用或网站项目；原始描述较简略，建议打开 README 进一步确认。","其他 Tasmania 相关","与 Tasmania 有一定关系，建议结合 README 再判断具体价值。 描述信息较少或主题较边缘，可放在后面查看。","低","1","可以确认有塔州关联，但项目主题较泛或描述信息有限。","JavaScript","0","0","False","2022-07-28T08:49:37Z","2022-08-14T23:27:29Z","2024-09-25T01:08:03Z",""
"Andrew-Klekociuk/allskycam","https://github.com/Andrew-Klekociuk/allskycam","Display of images and other data associated with an all-sky camera at Kingston, Tasmania","与塔斯马尼亚有关的资料、应用或网站项目；原始描述较简略，建议打开 README 进一步确认。","其他 Tasmania 相关","与 Tasmania 有一定关系，建议结合 README 再判断具体价值。 描述信息较少或主题较边缘，可放在后面查看。","低","1","可以确认有塔州关联，但项目主题较泛或描述信息有限。","HTML","0","0","False","2026-02-15T23:40:10Z","2026-02-16T03:21:07Z","2026-02-16T03:21:04Z",""
"UTAS-physics/KYA211","https://github.com/UTAS-physics/KYA211","Content to accompany the KYA211: Waves and Kinectic Theory unit at the university of Tasmania","塔斯马尼亚大学课程、学生项目、作业或研究代码。","UTAS/教育/课程","适合了解塔斯马尼亚大学相关课程、模板、学生项目或研究代码。 可作为第二梯队资料查看。","中","3","与塔斯马尼亚大学相关，若关注本地教育/研究网络有参考价值。","Jupyter Notebook","0","0","False","2026-02-27T03:37:09Z","2026-03-26T04:45:01Z","2026-03-26T04:44:57Z",""
"NicholasCluff/nullmaps","https://github.com/NicholasCluff/nullmaps","Mobile-first web map for Tasmania LIST services using SvelteKit, MapLibre GL, and Svelte 5","塔斯马尼亚相关地图、GIS、空间数据或地理可视化项目。","地图/GIS/空间数据","适合作为塔州地图、地理边界、空间可视化或位置数据线索。 相关性高，建议优先打开核查。","高","4","项目内容与塔州研究、数据或公共信息高度相关。","Svelte","0","0","False","2025-08-05T06:45:02Z","2025-08-13T04:46:54Z","2025-08-13T04:46:51Z",""
"DPIPWE/LIST_Tools_Pro_At_3_Addin","https://github.com/DPIPWE/LIST_Tools_Pro_At_3_Addin","An ArcGIS Pro 3 Addin to ease access to the Land Information System Tasmania (theLIST) ","塔斯马尼亚相关地图、GIS、空间数据或地理可视化项目。","地图/GIS/空间数据","适合作为塔州地图、地理边界、空间可视化或位置数据线索。 相关性高，建议优先打开核查。","高","5","主题直接指向塔斯马尼亚地点、机构、数据或物种，优先查看。","","0","0","False","2023-06-14T08:26:16Z","2024-08-16T06:29:19Z","2024-08-16T06:29:16Z",""
"sage3648/KIT101-Programming-Fundamentals","https://github.com/sage3648/KIT101-Programming-Fundamentals","My completed assignment work for KIT101, a Java programming unit at the University of Tasmania.","塔斯马尼亚大学课程、学生项目、作业或研究代码。","UTAS/教育/课程","适合了解塔斯马尼亚大学相关课程、模板、学生项目或研究代码。 可作为第二梯队资料查看。","中","3","与塔斯马尼亚大学相关，若关注本地教育/研究网络有参考价值。","Java","0","0","False","2019-06-20T10:26:57Z","2019-06-20T10:31:43Z","2019-06-20T10:31:41Z",""
"yatian-skyler-li/GEE_LandcoverClassify","https://github.com/yatian-skyler-li/GEE_LandcoverClassify","Landcover classification in Tasmania, Australia using Random Forest classifier in Google Earth Engine (GEE) JavaScript API","塔斯马尼亚相关地图、GIS、空间数据或地理可视化项目。","地图/GIS/空间数据","适合作为塔州地图、地理边界、空间可视化或位置数据线索。 相关性高，建议优先打开核查。","高","4","项目内容与塔州研究、数据或公共信息高度相关。","JavaScript","1","0","False","2024-07-23T11:23:30Z","2024-10-16T17:14:09Z","2024-07-23T17:34:36Z",""
"sage3648/KIT301-ICT-Project","https://github.com/sage3648/KIT301-ICT-Project","My completed work from the capstone unit of the University of Tasmania Batchelor Degree of ICT - Software Development - VR software to be used with the HTC Vive for the Geology department at the University of Tasmania","塔斯马尼亚大学课程、学生项目、作业或研究代码。","UTAS/教育/课程","适合了解塔斯马尼亚大学相关课程、模板、学生项目或研究代码。 可作为第二梯队资料查看。","中","3","与塔斯马尼亚大学相关，若关注本地教育/研究网络有参考价值。","","0","0","False","2019-06-20T10:55:20Z","2020-01-26T06:20:39Z","2019-06-20T11:50:49Z",""
"DPIPWE/LIST_Tools_Pro_Addin","https://github.com/DPIPWE/LIST_Tools_Pro_Addin","An ArcGIS Pro 2.6+ Addin to ease access to the Land Information System Tasmania (theLIST)","塔斯马尼亚相关地图、GIS、空间数据或地理可视化项目。","地图/GIS/空间数据","适合作为塔州地图、地理边界、空间可视化或位置数据线索。 相关性高，建议优先打开核查。","高","5","主题直接指向塔斯马尼亚地点、机构、数据或物种，优先查看。","","1","0","False","2022-03-31T06:32:52Z","2023-06-14T08:26:56Z","2023-06-14T08:22:28Z",""
"vinmasci/Lutruwita_Way","https://github.com/vinmasci/Lutruwita_Way","An interactive mapping application for exploring Lutruwita (Tasmania) featuring satellite imagery, town information, and user contributions.","塔斯马尼亚相关地图、GIS、空间数据或地理可视化项目。","地图/GIS/空间数据","适合作为塔州地图、地理边界、空间可视化或位置数据线索。 相关性高，建议优先打开核查。","高","5","主题直接指向塔斯马尼亚地点、机构、数据或物种，优先查看。","","0","0","False","2025-01-06T19:01:42Z","2025-01-06T19:01:42Z","2025-01-06T19:01:42Z",""
"aj-kivimaki/au2mate-showcase","https://github.com/aj-kivimaki/au2mate-showcase","Modern vehicle marketplace for Tasmania — Full-stack app with AWS, Prisma, React, secure auth, payments, and CI/CD.","塔斯马尼亚本地商业、生活服务或市场类项目。","本地商业/生活服务","适合了解塔州本地商业/生活服务案例，但一般不是核心技术项目。 可作为第二梯队资料查看。","中","2","与塔州本地服务或商业相关，但技术/数据价值通常较弱。","","0","0","False","2024-10-19T10:26:45Z","2025-12-05T16:04:33Z","2024-11-28T14:50:08Z","aws;docker;express;full-stack;github-actions;marketplace;mysql;nodejs;prisma;react;redis;typescript"
"grimley517/grimley517.github.io","https://github.com/grimley517/grimley517.github.io","This is why you should Hire me if you are a Tech SME in Tasmania, Australia","与塔斯马尼亚有关的资料、应用或网站项目；原始描述较简略，建议打开 README 进一步确认。","其他 Tasmania 相关","与 Tasmania 有一定关系，建议结合 README 再判断具体价值。 描述信息较少或主题较边缘，可放在后面查看。","低","1","可以确认有塔州关联，但项目主题较泛或描述信息有限。","CSS","0","0","False","2014-03-23T14:34:49Z","2025-07-17T16:59:23Z","2025-07-17T16:59:20Z",""
"AleronFrancois/PostCodeProgram","https://github.com/AleronFrancois/PostCodeProgram","Allow users to get a list of postcodes within Tasmania and the suburbs/towns they contain.","查询塔斯马尼亚邮编及对应城镇/郊区的程序。","地图/GIS/空间数据","适合作为塔州地图、地理边界、空间可视化或位置数据线索。 相关性高，建议优先打开核查。","高","4","项目内容与塔州研究、数据或公共信息高度相关。","Java","0","0","False","2025-03-13T11:49:41Z","2025-03-25T01:00:18Z","2025-03-25T01:00:15Z",""
"zhiyi-zy/airbnb-viz","https://github.com/zhiyi-zy/airbnb-viz","Provide insights into Airbnb listing availability, pricing, and distribution across Tasmania using Python and Jupyter Notebook","分析或可视化塔斯马尼亚 Airbnb 房源数据的项目。","本地商业/生活服务","适合了解塔州本地商业/生活服务案例，但一般不是核心技术项目。 可作为第二梯队资料查看。","中","2","与塔州本地服务或商业相关，但技术/数据价值通常较弱。","Jupyter Notebook","0","0","False","2023-07-10T05:36:03Z","2024-05-07T16:29:04Z","2024-05-07T15:01:31Z","data-analysis;data-visualization;design-computing;python"
"vecotter-cpu/dovecote-estate","https://github.com/vecotter-cpu/dovecote-estate","Dovecote Estate — Premium Coastal Land & House Packages in Stanley Tasmania | Optimised for SEO & Performance (Oct 2025 Pass)","塔斯马尼亚房地产、房价、贷款或地产展示相关项目。","本地商业/生活服务","适合了解塔州本地商业/生活服务案例，但一般不是核心技术项目。 可作为第二梯队资料查看。","中","2","与塔州本地服务或商业相关，但技术/数据价值通常较弱。","TypeScript","0","0","False","2025-10-14T09:43:23Z","2026-04-29T02:51:42Z","2026-04-29T02:51:38Z",""
"sage3648/KIT202-Secure-Web-Programming","https://github.com/sage3648/KIT202-Secure-Web-Programming","My completed assignment work for KIT202, a web programming unit at the University of Tasmania in 2017.","塔斯马尼亚大学课程、学生项目、作业或研究代码。","UTAS/教育/课程","适合了解塔斯马尼亚大学相关课程、模板、学生项目或研究代码。 可作为第二梯队资料查看。","中","3","与塔斯马尼亚大学相关，若关注本地教育/研究网络有参考价值。","PHP","0","0","False","2019-06-20T10:34:09Z","2022-05-04T02:50:48Z","2019-06-20T10:41:59Z",""
"parisba/2026-ArtsTas-SL","https://github.com/parisba/2026-ArtsTas-SL","Grant application for Arts Tasmania — Secret Lab — Organisation funding for new projects emphasising Hobart-based/Arts focus.","Arts Tasmania 艺术资助或霍巴特艺术项目相关资料。","历史/文化/社区","适合整理塔州历史、文化、社区组织或人文资料。 可作为第二梯队资料查看。","中","3","与塔州主题明确相关，但更偏内容展示、旅行记录或文化资料。","","0","0","False","2025-11-05T00:09:49Z","2025-11-05T00:27:46Z","2025-11-05T00:30:46Z",""
"sage3648/KIT305-Mobile-Application-Development","https://github.com/sage3648/KIT305-Mobile-Application-Development","My completed assignment work for KIT305, a mobile application programming unit at the University of Tasmania in 2018.","塔斯马尼亚大学课程、学生项目、作业或研究代码。","UTAS/教育/课程","适合了解塔斯马尼亚大学相关课程、模板、学生项目或研究代码。 可作为第二梯队资料查看。","中","3","与塔斯马尼亚大学相关，若关注本地教育/研究网络有参考价值。","Java","0","0","False","2019-06-20T10:44:49Z","2019-06-20T11:50:16Z","2019-06-20T11:50:14Z",""
"GITenberg/Under-the-Southern-Cross--13-Or-Travels-in-Australia-Tasmania-New-Zealand-Samoa-and-Other-Pac__34037","https://github.com/GITenberg/Under-the-Southern-Cross--13-Or-Travels-in-Australia-Tasmania-New-Zealand-Samoa-and-Other-Pac__34037","Under the Southern Cross&#13;Or Travels in Australia, Tasmania, New Zealand, Samoa, and Other Pacific Islands by Ballou, Maturin Murray
 is a Project Gutenberg book, now on Github.","来自 Project Gutenberg 的塔斯马尼亚历史/旅行文本项目。","旅游/地方体验","适合了解塔州旅行、目的地、路线、活动或地方体验类应用。 可作为第二梯队资料查看。","中","3","与塔州主题明确相关，但更偏内容展示、旅行记录或文化资料。","HTML","0","0","False","2014-08-01T19:28:23Z","2018-10-30T00:18:55Z","2018-10-17T01:35:55Z",""
"cazalye/universityFC","https://github.com/cazalye/universityFC","A new site for the University of Tasmania Football (Soccer) Club; built with Gatsby, React, Contentful & Netlify","塔斯马尼亚大学课程、学生项目、作业或研究代码。","UTAS/教育/课程","适合了解塔斯马尼亚大学相关课程、模板、学生项目或研究代码。 可作为第二梯队资料查看。","中","3","与塔斯马尼亚大学相关，若关注本地教育/研究网络有参考价值。","TypeScript","0","0","False","2020-09-07T21:28:55Z","2021-02-17T02:40:33Z","2021-02-08T06:05:24Z","contentful;gatsby;gatsby-site;netlify;react"
"KatieVandorou/Thesis-Code","https://github.com/KatieVandorou/Thesis-Code","Code used for my Honours thesis on AGN Jet simulations at the University of Tasmania (supervised by S. S. Shabala)","塔斯马尼亚大学课程、学生项目、作业或研究代码。","UTAS/教育/课程","适合了解塔斯马尼亚大学相关课程、模板、学生项目或研究代码。 可作为第二梯队资料查看。","中","3","与塔斯马尼亚大学相关，若关注本地教育/研究网络有参考价值。","Python","0","0","False","2017-11-12T04:24:45Z","2020-05-07T00:29:03Z","2020-05-07T00:21:13Z",""
"janekerry123/UTas-K7I-s2-2020","https://github.com/janekerry123/UTas-K7I-s2-2020","Yujie‘s blog on studying Master of Information Technology and Systems in University of Tasmania(start in Semester 2 2020)","塔斯马尼亚大学课程、学生项目、作业或研究代码。","UTAS/教育/课程","适合了解塔斯马尼亚大学相关课程、模板、学生项目或研究代码。 可作为第二梯队资料查看。","中","3","与塔斯马尼亚大学相关，若关注本地教育/研究网络有参考价值。","","0","0","False","2020-06-28T15:55:39Z","2020-06-29T08:50:02Z","2020-06-29T08:49:59Z",""
"RobWilsonTas/Tas_Aspect_Dryness","https://github.com/RobWilsonTas/Tas_Aspect_Dryness","Using an elevation model to determine how dry a slope is in the context of Tasmania (i.e steep NNW slopes are driest)","与塔斯马尼亚有关的资料、应用或网站项目；原始描述较简略，建议打开 README 进一步确认。","其他 Tasmania 相关","与 Tasmania 有一定关系，建议结合 README 再判断具体价值。 描述信息较少或主题较边缘，可放在后面查看。","低","1","可以确认有塔州关联，但项目主题较泛或描述信息有限。","Python","0","0","False","2026-04-08T22:59:44Z","2026-04-08T23:07:01Z","2026-04-08T23:06:57Z",""
"SIDNut/nwrrr-waste-feed","https://github.com/SIDNut/nwrrr-waste-feed","Public static waste collection schedule feed for North West Tasmania councils, primarily designed for Home Assistant and HACS Waste Collection Schedule integration support.","抓取塔斯马尼亚地方议会规划申请数据的项目。","政府/公共服务/开放数据","适合追踪塔州公共数据、政府服务、交通、消防、能源或地方议会信息。 相关性高，建议优先打开核查。","高","4","项目内容与塔州研究、数据或公共信息高度相关。","Python","0","0","False","2026-04-25T03:09:24Z","2026-04-25T03:09:31Z","2026-04-25T03:09:28Z",""
"cpunj/Gov_hack","https://github.com/cpunj/Gov_hack","Vault Tas is an app produced by Inter-Tas. This app can provide opportunities to tourism and local business. Tasmania is a state that rich in history, there are historical sites nearly everywhere around Tasmania. People can miss a lot of stuff while on their trip to Tasmania. This is where our app comes into play, this app will use the user’s location and inform them if there’s any heritage site near them by using heritage data stored in datasets. This will be a great help to the tourists as well as government to promote tourism across Tasmania. QR codes can be set across Tasmania near all historic sites in Tasmania through which Tasmanian history can be viewed using advanced phones AR technology or VR as well if you really want to immerse yourselves into the history of Tasmania. People can also take pictures in the AR environment (such as historical buildings, etc.) , this will make tourism very enjoyable while visiting and engage. All Tasmanian important events such as Dark Mofo can also be viewed using this app in AR and VR. It will create excitement among people in joining the event whenever it occurs.Scanning these QR codes will store all historical information in the app’s database of the user which user can use to study more about Tasmania history. Historians will have great benefit using this app. Moreover, this app will also support rewards system by using which users will be able to get discounts at historic sites salamanca market, Port Arthur, local restaurants etc. This will help in promoting Tasmania across Tourists which will increase commercial businesses revenue as well. ","来自 Project Gutenberg 的塔斯马尼亚历史/旅行文本项目。","政府/公共服务/开放数据","适合追踪塔州公共数据、政府服务、交通、消防、能源或地方议会信息。 相关性高，建议优先打开核查。","高","5","主题直接指向塔斯马尼亚地点、机构、数据或物种，优先查看。","","0","2","False","2020-08-15T05:30:03Z","2020-08-16T01:54:43Z","2020-08-16T01:54:42Z",""
"A-J-Morris/Blakes-Opening-UAV-Data-Applications","https://github.com/A-J-Morris/Blakes-Opening-UAV-Data-Applications","This repository contains several individual python scripts that address particular tasks that make use of GPS data retrieved from UAV flights over Blakes Opening in Tasmania. ","与塔斯马尼亚有关的资料、应用或网站项目；原始描述较简略，建议打开 README 进一步确认。","其他 Tasmania 相关","与 Tasmania 有一定关系，建议结合 README 再判断具体价值。 描述信息较少或主题较边缘，可放在后面查看。","低","1","可以确认有塔州关联，但项目主题较泛或描述信息有限。","Python","0","0","False","2022-12-05T02:38:41Z","2023-02-08T23:35:24Z","2022-12-05T03:02:50Z",""
"NordicFlame/SimpleEcho","https://github.com/NordicFlame/SimpleEcho","Learning Socket and multi-threading programming using Java by creating a simple server client program during my ""Big Data and Cloud Computing"" unit at University of Tasmania.","塔斯马尼亚大学课程、学生项目、作业或研究代码。","UTAS/教育/课程","适合了解塔斯马尼亚大学相关课程、模板、学生项目或研究代码。 可作为第二梯队资料查看。","中","3","与塔斯马尼亚大学相关，若关注本地教育/研究网络有参考价值。","Java","0","0","False","2020-08-18T12:26:53Z","2021-02-16T03:57:05Z","2020-08-18T12:45:16Z",""
"botheredbybees/huon-channel-marine-analytics","https://github.com/botheredbybees/huon-channel-marine-analytics","Marine ecology and climate analytics for the Huon Estuary and D'Entrecasteaux Channel (SE Tasmania), focusing on water quality, benthic habitats, and aquaculture interactions using a TimescaleDB/PostGIS backend","塔斯马尼亚相关地图、GIS、空间数据或地理可视化项目。","地图/GIS/空间数据","适合作为塔州地图、地理边界、空间可视化或位置数据线索。 相关性高，建议优先打开核查。","高","4","项目内容与塔州研究、数据或公共信息高度相关。","Python","1","0","False","2025-12-19T04:33:24Z","2026-04-08T00:54:43Z","2026-04-08T00:54:35Z",""
"kurankat/tasmapper","https://github.com/kurankat/tasmapper","Mapping library in Go to create SVG maps of Herbarium specimens in Tasmania. Includes King Island but not islands north of the Furneaux Group (Kent Group, Rodondo Island, etc)","塔斯马尼亚相关地图、GIS、空间数据或地理可视化项目。","地图/GIS/空间数据","适合作为塔州地图、地理边界、空间可视化或位置数据线索。 相关性高，建议优先打开核查。","高","4","项目内容与塔州研究、数据或公共信息高度相关。","Go","0","0","False","2021-11-01T00:35:58Z","2021-11-26T05:35:03Z","2024-03-05T03:32:37Z",""
"gopaladhikari/travel-with-a-cause","https://github.com/gopaladhikari/travel-with-a-cause","Travel with a Cause, the not-for-profit agency in Hobart, Tasmania making a difference through travel. Our mission is to save the environment by promoting sustainable tourism practices.","塔斯马尼亚旅游、住宿、行程或目的地展示项目。","旅游/地方体验","适合了解塔州旅行、目的地、路线、活动或地方体验类应用。 相关性高，建议优先打开核查。","高","5","主题直接指向塔斯马尼亚地点、机构、数据或物种，优先查看。","JavaScript","0","0","False","2023-01-19T05:27:02Z","2024-06-23T10:28:17Z","2023-01-23T11:40:55Z",""
"GetBack2Basics/TripCrafter","https://github.com/GetBack2Basics/TripCrafter","TripCrafter is a modern travel itinerary planner for Tasmania and beyond. It features a dynamic Discover pane with local images, AI-powered trip import, interactive maps, and seamless itinerary management.","塔斯马尼亚旅游、住宿、行程或目的地展示项目。","地图/GIS/空间数据","适合作为塔州地图、地理边界、空间可视化或位置数据线索。 相关性高，建议优先打开核查。","高","4","项目内容与塔州研究、数据或公共信息高度相关。","JavaScript","1","0","False","2025-08-21T01:17:11Z","2026-01-30T22:56:37Z","2025-12-14T03:53:53Z","ai;map;travel;travel-app"
"NordicFlame/SuperCubicleAdventures","https://github.com/NordicFlame/SuperCubicleAdventures","Game designed and created by a team for an Game development unit at University of Tasmania. Game was created using Unity, C# and blender and is a Top-Down golfing game.","塔斯马尼亚大学课程、学生项目、作业或研究代码。","UTAS/教育/课程","适合了解塔斯马尼亚大学相关课程、模板、学生项目或研究代码。 可作为第二梯队资料查看。","中","3","与塔斯马尼亚大学相关，若关注本地教育/研究网络有参考价值。","ShaderLab","0","0","False","2020-08-17T00:05:49Z","2021-02-16T03:48:12Z","2021-02-16T01:23:35Z",""
"jrcrisford/skybound-ascension-prototype","https://github.com/jrcrisford/skybound-ascension-prototype","A vertical platformer developed in Unity for KIT109 Games Fundamentals at the University of Tasmania. Skybound Ascension features handcrafted levels, retro pixel art, and precision platforming inspired by classics like Jump King and Celeste.","塔斯马尼亚大学课程、学生项目、作业或研究代码。","UTAS/教育/课程","适合了解塔斯马尼亚大学相关课程、模板、学生项目或研究代码。 可作为第二梯队资料查看。","中","3","与塔斯马尼亚大学相关，若关注本地教育/研究网络有参考价值。","ShaderLab","0","0","False","2025-06-15T11:24:38Z","2025-06-16T09:12:48Z","2025-06-15T11:44:24Z",""
"jrcrisford/programming-portfolio-kit107","https://github.com/jrcrisford/programming-portfolio-kit107","A portfolio of programming assignments completed for KIT107 Programming at the University of Tasmania. This repository includes C programs and Java applications that demonstrate foundational skills in algorithm design, procedural programming, and object-oriented concepts.","塔斯马尼亚大学课程、学生项目、作业或研究代码。","UTAS/教育/课程","适合了解塔斯马尼亚大学相关课程、模板、学生项目或研究代码。 可作为第二梯队资料查看。","中","3","与塔斯马尼亚大学相关，若关注本地教育/研究网络有参考价值。","C","0","0","False","2025-06-15T11:03:58Z","2025-06-15T11:20:23Z","2025-06-15T11:19:22Z",""
"PT9301/Australian-Mountain-Peaks-KML","https://github.com/PT9301/Australian-Mountain-Peaks-KML","A .kml file made in Google Earth of Australia's mountain peaks. Information sourced from Queensland's QTopo, New South Wales' SIXMaps, Tasmania's LISTMap and Victoria's LASSI (with some VIC peak info from other sources)","塔斯马尼亚相关地图、GIS、空间数据或地理可视化项目。","地图/GIS/空间数据","适合作为塔州地图、地理边界、空间可视化或位置数据线索。 相关性高，建议优先打开核查。","高","4","项目内容与塔州研究、数据或公共信息高度相关。","R","0","0","False","2018-03-31T10:38:20Z","2018-04-03T07:32:59Z","2018-04-03T07:32:58Z",""
"cjabradshaw/devilpopmodel","https://github.com/cjabradshaw/devilpopmodel","Population model for Tasmanian devils","围绕塔斯马尼亚袋獾、袋獾面部肿瘤病或相关生态建模/识别的项目。","生态/气候/物种研究","适合关注塔州生态、气候、海洋、森林或本土物种研究。 相关性高，建议优先打开核查。","高","5","主题直接指向塔斯马尼亚地点、机构、数据或物种，优先查看。","MATLAB","0","0","False","2021-02-16T09:50:36Z","2021-11-16T13:50:00Z","2021-11-16T13:49:57Z","cohort-based-model;dasyurid;dasyuridae;devil-facial-tumour-disease;disease;marsupial;matrix-model;population-model;scarcophilus-harrissii;tasmania;tasmanian-devil"
"BrendanGasparin/gardening-2011","https://github.com/BrendanGasparin/gardening-2011","A website I made in 2011 for the University of Tasmania about organic gardening. I no longer stand by organic food being more nutritious than other food, but nevertheless want to publish the website unchanged, as it formerly existed.","塔斯马尼亚大学课程、学生项目、作业或研究代码。","UTAS/教育/课程","适合了解塔斯马尼亚大学相关课程、模板、学生项目或研究代码。 可作为第二梯队资料查看。","中","3","与塔斯马尼亚大学相关，若关注本地教育/研究网络有参考价值。","HTML","0","0","False","2022-01-11T14:14:15Z","2022-01-11T14:36:24Z","2022-01-11T14:38:25Z",""
"danielmuar/EO_GEOM7001_PROJECT","https://github.com/danielmuar/EO_GEOM7001_PROJECT","Earth Observation course Project: The main objective of this project is to compare the performance of a random forest classifier under two different arrangements of training data to detect deforestation events in Styx, Tasmania, by doing a binary classification strategy (deforestation, no-deforestation)","使用卫星影像/深度学习检测塔斯马尼亚森林砍伐的项目。","生态/气候/物种研究","适合关注塔州生态、气候、海洋、森林或本土物种研究。 相关性高，建议优先打开核查。","高","4","项目内容与塔州研究、数据或公共信息高度相关。","Jupyter Notebook","0","1","False","2024-10-25T00:45:47Z","2024-10-25T01:57:59Z","2024-10-25T01:57:55Z",""
"NAJMUL-DBN/KIT500","https://github.com/NAJMUL-DBN/KIT500","Welcome to the KIT500 repository! This repository houses Python code and projects developed as part of my coursework at the University of Tasmania (UTAS) for the KIT500 module. Here, you'll find a variety of scripts and programs demonstrating concepts and assignments from the course.","塔斯马尼亚大学课程、学生项目、作业或研究代码。","UTAS/教育/课程","适合了解塔斯马尼亚大学相关课程、模板、学生项目或研究代码。 可作为第二梯队资料查看。","中","3","与塔斯马尼亚大学相关，若关注本地教育/研究网络有参考价值。","Python","0","0","False","2024-08-14T00:23:39Z","2024-10-24T06:07:36Z","2024-08-14T00:31:33Z",""
"maxfire2008/metrotas-cancellations-history","https://github.com/maxfire2008/metrotas-cancellations-history","A list of cancellation notifications from metro tasmania (https://www.metrotas.com.au/alerts/). Stay tuned for an service to alert you for cancelled buses (email me@maxstuff.net to sign up for a notification). Check both the branches merged and latest.","Metro Tasmania 公交准点、取消或运营信息数据项目。","政府/公共服务/开放数据","适合追踪塔州公共数据、政府服务、交通、消防、能源或地方议会信息。 相关性高，建议优先打开核查。","高","5","主题直接指向塔斯马尼亚地点、机构、数据或物种，优先查看。","HTML","0","0","False","2023-08-25T09:46:55Z","2023-08-26T01:18:09Z","2023-09-25T15:00:20Z",""
"tassiemortgage/https-tassiemortgagebrokers.com.au-","https://github.com/tassiemortgage/https-tassiemortgagebrokers.com.au-","you are looking for first home loans, you need to know about home loans interests and local Providers. And that Home Loan suits your needs or not.Tassie Home Loans available in Sorell, Bridgewater, Glenorchy, Huonville, Cambridge, New Norfolk, Brighton, Tasmania, Hobart, Richmond, Huonville, Cambridge etc.","塔斯马尼亚房地产、房价、贷款或地产展示相关项目。","本地商业/生活服务","适合了解塔州本地商业/生活服务案例，但一般不是核心技术项目。 可作为第二梯队资料查看。","中","2","与塔州本地服务或商业相关，但技术/数据价值通常较弱。","","0","0","False","2020-01-14T07:13:05Z","2020-01-14T07:13:09Z","2020-01-14T07:13:07Z",""
"Racheloise/climatic-benthic-chronicles","https://github.com/Racheloise/climatic-benthic-chronicles","This repository focuses on the impacts of climate change on temperate deep reef sessile communities in southern Tasmania. Using AI-assisted marine imagery analysis, we explore changes in benthic invertebrate abundance and size distribution and highlights vulnerabilities and underscores the need for monitoring to inform conservation strategies.","塔斯马尼亚保护优先级、保护规划或生态保护相关项目。","生态/气候/物种研究","适合关注塔州生态、气候、海洋、森林或本土物种研究。 相关性高，建议优先打开核查。","高","5","主题直接指向塔斯马尼亚地点、机构、数据或物种，优先查看。","","0","0","False","2024-10-27T21:35:37Z","2024-10-27T21:48:02Z","2024-10-27T21:47:59Z",""
"ManinderpreetPuri/Business-Resilliance-Program-Data-Analysis","https://github.com/ManinderpreetPuri/Business-Resilliance-Program-Data-Analysis","I utilized Power BI and MS excel to bring insights into MIC's Business Resilience Program(BRP) which aims to support small businesses during COVID pandemic in states: Victoria, South Australia and Tasmania. BRP is an initiative by MIC in collaboration with the Australian Small Business Advisory Services (ASBAS) digital solutions.","塔斯马尼亚本地商业、生活服务或市场类项目。","本地商业/生活服务","适合了解塔州本地商业/生活服务案例，但一般不是核心技术项目。 可作为第二梯队资料查看。","中","2","与塔州本地服务或商业相关，但技术/数据价值通常较弱。","","0","0","False","2021-07-14T04:11:59Z","2022-04-10T02:30:12Z","2021-07-14T04:19:52Z","dataanalytics;dax;powerbi;powerquerym"
"mohmmadAK/SIT305","https://github.com/mohmmadAK/SIT305","This game is an adventure, set in Port Arthur, Tasmania in the 1900s where the dead criminal prisoners have begun to rise from the town’s cemetary! The objective of the game is for the user to make the dead return from where they came from.  The user will have to undertake multiple quests of different levels and accumulate points for different statistics which will determine their overall strength and intelligence.   User will have equipments and accessories at their disposal to fight these dead uprisers and defeat them. There are different levels of difficulty and skills required to defeat the ghosts who plan on overwhelming and scaring the town in large numbers if they are not defeated and sent back to their grave.","与塔斯马尼亚有关的资料、应用或网站项目；原始描述较简略，建议打开 README 进一步确认。","其他 Tasmania 相关","与 Tasmania 有一定关系，建议结合 README 再判断具体价值。 相关性高，建议优先打开核查。","高","5","主题直接指向塔斯马尼亚地点、机构、数据或物种，优先查看。","Java","0","0","False","2018-03-28T04:31:50Z","2018-05-18T13:30:13Z","2018-05-18T13:30:12Z",""
"pricesremovals/Interstate-Removalists-Movers","https://github.com/pricesremovals/Interstate-Removalists-Movers","Find Moving Boxes Prices in South East Queensland When moving, it is vital to make sure your belongings are properly packed to ensure that they arrive at your new home safely. While it might seem okay to use whatever moving boxes you have lying around, you’re actually putting delicate items at risk.  Old boxes might not be as sturdy as they once were, causing your items to fall out. And boxes that aren’t the right size for your items could lead them to rattle around and break. Whatever the case, there is a lot that can go wrong when using old boxes.  Instead of potentially ruining your prized possessions, you should consider buying moving boxes from Price’s Removals & Storage. All of our boxes are specially made to handle fragile items, like china, glass, books and clothing.  Keep Your Things Safe Whether you’re moving locally or across the country, you should make sure your items are secure. At Price’s Removals & Storage, we are committed to making sure your items arrive at your new home safely, which is why we use boxes that are designed to handle the stress of a move.  You have the option of using our boxes to pack your belongings yourself or letting us pack your things for you. Either way, you’ll have the peace of mind that your items are packed safely and correctly. See our list of available boxes below to figure out which dimensions will be right for you.  Contact Us Today If you’re getting ready for a move to or from Tasmania, contact Price’s Removals & Storage. We can provide you with the moving boxes you need to pack your belongings and send them safely to your new home. Call us on 1-800-030-200 to discuss any questions or concerns you may have. Our qualified team can’t wait to facilitate your move. ","塔斯马尼亚本地商业、生活服务或市场类项目。","本地商业/生活服务","适合了解塔州本地商业/生活服务案例，但一般不是核心技术项目。 可作为第二梯队资料查看。","中","2","与塔州本地服务或商业相关，但技术/数据价值通常较弱。","","0","0","False","2019-05-08T11:02:44Z","2019-05-08T11:02:44Z","2019-05-08T11:02:44Z",""
