deepResearchRank,full_name,owner,url,domain,language,stars,forks,technicalValue,personalRelevance,priorityScore,isUTAS,isAI,isData,isGIS,isActive,isArchived,isStudent,isProductionReady,created_at,pushed_at,techStack,chineseDescription,recommendation
1,yatian-skyler-li/GEE_LandcoverClassify,yatian-skyler-li,https://github.com/yatian-skyler-li/GEE_LandcoverClassify,AI / Machine Learning,JavaScript,1,0,83,100,84,false,true,true,true,true,false,false,true,2024-07-23T11:23:30Z,2024-07-23T17:34:36Z,JavaScript;JavaScript / Web;GIS;ML / AI;Data Engineering,塔斯马尼亚相关地图、GIS、空间数据或地理可视化项目。,优先深挖：高度贴合 AI/Data/IT/UTAS 或本地数据生态，适合做案例研究、作品集线索或求职素材。
2,ziogref/TAS-Fuel-HA-Intergration,ziogref,https://github.com/ziogref/TAS-Fuel-HA-Intergration,Government / Public Data,Python,7,0,74,100,81,false,false,true,false,true,false,false,true,2025-06-15T05:43:08Z,2026-04-28T02:01:57Z,Python;Data Engineering,塔斯马尼亚政府、公共服务、开放数据或地方议会信息项目。,优先深挖：高度贴合 AI/Data/IT/UTAS 或本地数据生态，适合做案例研究、作品集线索或求职素材。
3,Racheloise/climatic-benthic-chronicles,Racheloise,https://github.com/Racheloise/climatic-benthic-chronicles,AI / Machine Learning,Unknown,0,0,69,100,78,false,true,true,false,true,false,false,true,2024-10-27T21:35:37Z,2024-10-27T21:47:59Z,ML / AI,塔斯马尼亚保护优先级、保护规划或生态保护相关项目。,优先深挖：高度贴合 AI/Data/IT/UTAS 或本地数据生态，适合做案例研究、作品集线索或求职素材。
4,GetBack2Basics/TripCrafter,GetBack2Basics,https://github.com/GetBack2Basics/TripCrafter,AI / Machine Learning,JavaScript,1,0,78,90,77,false,true,false,true,true,false,false,true,2025-08-21T01:17:11Z,2025-12-14T03:53:53Z,JavaScript;JavaScript / Web;GIS;ML / AI,塔斯马尼亚旅游、住宿、行程或目的地展示项目。,值得研究：主题明确，可能提供数据、技术栈或本地生态线索，建议阅读 README 和最近提交。
5,botheredbybees/huon-channel-marine-analytics,botheredbybees,https://github.com/botheredbybees/huon-channel-marine-analytics,GIS / Geography,Python,1,0,76,88,75,false,false,true,true,true,false,false,true,2025-12-19T04:33:24Z,2026-04-08T00:54:35Z,Python;PostgreSQL / PostGIS;GIS,塔斯马尼亚相关地图、GIS、空间数据或地理可视化项目。,值得研究：主题明确，可能提供数据、技术栈或本地生态线索，建议阅读 README 和最近提交。
6,NicholasCluff/nullmaps,NicholasCluff,https://github.com/NicholasCluff/nullmaps,AI / Machine Learning,Svelte,0,0,67,90,73,false,true,false,true,true,false,false,true,2025-08-05T06:45:02Z,2025-08-13T04:46:51Z,Svelte;JavaScript / Web;GIS;ML / AI,塔斯马尼亚相关地图、GIS、空间数据或地理可视化项目。,值得研究：主题明确，可能提供数据、技术栈或本地生态线索，建议阅读 README 和最近提交。
7,Atlantis-Ecosystem-Model/South_East_Tasmania_model,Atlantis-Ecosystem-Model,https://github.com/Atlantis-Ecosystem-Model/South_East_Tasmania_model,Data Analysis,TypeScript,1,1,54,100,69,false,true,true,false,false,false,false,false,2018-10-31T22:36:01Z,2022-07-01T03:52:04Z,TypeScript;JavaScript / Web;ML / AI,东南塔斯马尼亚 Atlantis 生态系统模型项目。,值得研究：主题明确，可能提供数据、技术栈或本地生态线索，建议阅读 README 和最近提交。
8,arashsm79/tasmanian-devil-gene-enrichment-analysis,arashsm79,https://github.com/arashsm79/tasmanian-devil-gene-enrichment-analysis,AI / Machine Learning,TeX,0,0,55,100,69,false,true,true,false,true,false,false,false,2024-08-06T08:50:38Z,2024-08-06T09:17:11Z,TeX;JavaScript / Web,围绕塔斯马尼亚袋獾、袋獾面部肿瘤病或相关生态建模/识别的项目。,值得研究：主题明确，可能提供数据、技术栈或本地生态线索，建议阅读 README 和最近提交。
9,bicycleboy/nsw_tas_fuel_station,bicycleboy,https://github.com/bicycleboy/nsw_tas_fuel_station,Data Analysis,Python,3,1,72,76,69,false,false,true,false,true,false,false,true,2025-10-09T06:03:08Z,2026-04-20T04:09:56Z,Python,塔斯马尼亚政府、公共服务、开放数据或地方议会信息项目。,值得研究：主题明确，可能提供数据、技术栈或本地生态线索，建议阅读 README 和最近提交。
10,mholling/nswtopo,mholling,https://github.com/mholling/nswtopo,GIS / Geography,Ruby,51,17,78,68,68,false,false,false,true,true,false,false,true,2011-12-10T13:02:42Z,2026-05-06T06:31:08Z,Ruby;GIS,用于制作或展示地形图的项目，数据层覆盖新南威尔士州和塔斯马尼亚。,值得研究：主题明确，可能提供数据、技术栈或本地生态线索，建议阅读 README 和最近提交。
11,LNSOTOM/forestGISML,LNSOTOM,https://github.com/LNSOTOM/forestGISML,AI / Machine Learning,Python,4,1,57,94,68,false,true,false,true,false,false,false,false,2020-09-03T00:43:52Z,2023-04-17T04:18:09Z,Python;GIS;ML / AI,使用监督式机器学习分析塔斯马尼亚北部人工林生产力驱动因素的项目。,值得研究：主题明确，可能提供数据、技术栈或本地生态线索，建议阅读 README 和最近提交。
12,jbkajtar/sst_tasmania,jbkajtar,https://github.com/jbkajtar/sst_tasmania,Marine Science,MATLAB,3,0,44,79,63,true,false,false,false,false,false,false,true,2021-10-14T03:28:45Z,2024-02-06T12:06:12Z,MATLAB,处理塔斯马尼亚周边海域海表温度观测和气候模型数据的代码。,值得研究：主题明确，可能提供数据、技术栈或本地生态线索，建议阅读 README 和最近提交。
13,vinmasci/lutruwita_map,vinmasci,https://github.com/vinmasci/lutruwita_map,GIS / Geography,TypeScript,0,0,53,80,63,false,false,false,true,true,false,false,true,2025-01-23T21:34:42Z,2025-01-23T22:33:14Z,TypeScript;JavaScript / Web;GIS,塔斯马尼亚相关地图、GIS、空间数据或地理可视化项目。,值得研究：主题明确，可能提供数据、技术栈或本地生态线索，建议阅读 README 和最近提交。
14,LamuelCH/spOccupancy_TAS,LamuelCH,https://github.com/LamuelCH/spOccupancy_TAS,GIS / Geography,Unknown,0,0,53,90,63,false,true,false,true,true,false,false,false,2025-02-18T00:40:30Z,2025-02-18T00:40:31Z,GIS;ML / AI,塔斯马尼亚相关地图、GIS、空间数据或地理可视化项目。,值得研究：主题明确，可能提供数据、技术栈或本地生态线索，建议阅读 README 和最近提交。
15,DPIPWE/LIST_Tools_Pro_At_3_Addin,DPIPWE,https://github.com/DPIPWE/LIST_Tools_Pro_At_3_Addin,GIS / Geography,Unknown,0,0,53,80,63,false,false,false,true,true,false,false,true,2023-06-14T08:26:16Z,2024-08-16T06:29:16Z,GIS,塔斯马尼亚相关地图、GIS、空间数据或地理可视化项目。,值得研究：主题明确，可能提供数据、技术栈或本地生态线索，建议阅读 README 和最近提交。
16,vinmasci/Lutruwita_Way,vinmasci,https://github.com/vinmasci/Lutruwita_Way,GIS / Geography,Unknown,0,0,53,80,63,false,false,false,true,true,false,false,true,2025-01-06T19:01:42Z,2025-01-06T19:01:42Z,GIS,塔斯马尼亚相关地图、GIS、空间数据或地理可视化项目。,值得研究：主题明确，可能提供数据、技术栈或本地生态线索，建议阅读 README 和最近提交。
17,pam-ai-coder/tasmania,pam-ai-coder,https://github.com/pam-ai-coder/tasmania,AI / Machine Learning,HTML,0,0,50,90,62,false,true,false,false,true,false,false,false,2026-03-28T04:58:44Z,2026-03-28T05:43:24Z,HTML;ML / AI,塔斯马尼亚 Overland Track 徒步路线/行程规划项目。,值得研究：主题明确，可能提供数据、技术栈或本地生态线索，建议阅读 README 和最近提交。
18,cjabradshaw/devilpopmodel,cjabradshaw,https://github.com/cjabradshaw/devilpopmodel,Data Analysis,MATLAB,0,0,36,100,62,false,true,true,false,false,false,false,false,2021-02-16T09:50:36Z,2021-11-16T13:49:57Z,MATLAB;ML / AI,围绕塔斯马尼亚袋獾、袋獾面部肿瘤病或相关生态建模/识别的项目。,值得研究：主题明确，可能提供数据、技术栈或本地生态线索，建议阅读 README 和最近提交。
19,ozjimbob/ecbtools,ozjimbob,https://github.com/ozjimbob/ecbtools,Data Analysis,R,2,2,46,70,60,true,false,true,false,false,false,false,true,2013-09-03T01:58:43Z,2021-01-17T20:26:26Z,R,塔斯马尼亚大学环境变化生物学实验室开发的 R 工具。,选择性查看：与 Tasmania 有关联，但价值取决于你的具体方向，可作为背景资料。
20,mave1/KIT301---Mapping-Crime-Walks,mave1,https://github.com/mave1/KIT301---Mapping-Crime-Walks,GIS / Geography,Dart,2,0,59,61,60,true,false,false,true,true,false,true,true,2024-03-06T10:43:48Z,2024-10-30T05:07:05Z,Dart;GIS,面向游客的塔斯马尼亚犯罪历史步行路线应用。,选择性查看：与 Tasmania 有关联，但价值取决于你的具体方向，可作为背景资料。
21,UTAS-physics/KYA211,UTAS-physics,https://github.com/UTAS-physics/KYA211,Data Analysis,Jupyter Notebook,0,0,48,78,60,true,false,true,false,true,false,false,false,2026-02-27T03:37:09Z,2026-03-26T04:44:57Z,Jupyter Notebook;Python,塔斯马尼亚大学课程、学生项目、作业或研究代码。,选择性查看：与 Tasmania 有关联，但价值取决于你的具体方向，可作为背景资料。
22,kaseykhanhpham/eucalyptus-hybrid-resequencing,kaseykhanhpham,https://github.com/kaseykhanhpham/eucalyptus-hybrid-resequencing,Data Analysis,Shell,5,0,58,76,59,false,false,true,false,true,false,false,false,2022-05-28T02:34:10Z,2026-02-08T02:26:10Z,Shell,分析塔斯马尼亚桉树相关基因组/重测序数据的研究流水线。,选择性查看：与 Tasmania 有关联，但价值取决于你的具体方向，可作为背景资料。
23,tinnamchoi/hare-clark-cpp,tinnamchoi,https://github.com/tinnamchoi/hare-clark-cpp,Education / UTAS,C++,3,0,63,54,59,true,false,true,false,true,false,false,true,2024-03-13T10:35:54Z,2024-10-15T19:14:07Z,C++;Data Engineering,实现塔斯马尼亚和澳大利亚首都领地使用的 Hare-Clark 选举制度的 C++ 库。,选择性查看：与 Tasmania 有关联，但价值取决于你的具体方向，可作为背景资料。
24,MetalOctopus/Tasmanian-Geology-Map-Downloader,MetalOctopus,https://github.com/MetalOctopus/Tasmanian-Geology-Map-Downloader,GIS / Geography,Python,0,0,60,68,59,false,false,false,true,true,false,false,true,2026-02-12T02:36:01Z,2026-02-12T08:11:41Z,Python;GIS,塔斯马尼亚相关地图、GIS、空间数据或地理可视化项目。,选择性查看：与 Tasmania 有关联，但价值取决于你的具体方向，可作为背景资料。
25,Jonah-Wilbur/Tasmanian-devil-facial-tumour-disease-dynamics,Jonah-Wilbur,https://github.com/Jonah-Wilbur/Tasmanian-devil-facial-tumour-disease-dynamics,Data Analysis,Jupyter Notebook,0,0,41,88,58,false,false,true,false,true,false,false,false,2024-03-06T23:12:11Z,2025-01-17T02:48:26Z,Jupyter Notebook;Python,围绕塔斯马尼亚袋獾、袋獾面部肿瘤病或相关生态建模/识别的项目。,选择性查看：与 Tasmania 有关联，但价值取决于你的具体方向，可作为背景资料。
26,DPIPWE/LIST_Tools_Pro_Addin,DPIPWE,https://github.com/DPIPWE/LIST_Tools_Pro_Addin,GIS / Geography,Unknown,1,0,50,72,58,false,false,false,true,false,false,false,true,2022-03-31T06:32:52Z,2023-06-14T08:22:28Z,GIS,塔斯马尼亚相关地图、GIS、空间数据或地理可视化项目。,选择性查看：与 Tasmania 有关联，但价值取决于你的具体方向，可作为背景资料。
27,cpunj/Gov_hack,cpunj,https://github.com/cpunj/Gov_hack,Data Analysis,Unknown,0,2,39,80,58,false,false,true,false,false,false,false,true,2020-08-15T05:30:03Z,2020-08-16T01:54:42Z,,来自 Project Gutenberg 的塔斯马尼亚历史/旅行文本项目。,选择性查看：与 Tasmania 有关联，但价值取决于你的具体方向，可作为背景资料。
28,hastings-lab/tasmanian-devil-sei-models-teamawesome,hastings-lab,https://github.com/hastings-lab/tasmanian-devil-sei-models-teamawesome,Data Analysis,Unknown,0,0,36,90,57,false,true,true,false,false,false,true,false,2018-05-21T23:28:00Z,2018-05-21T23:28:12Z,ML / AI,围绕塔斯马尼亚袋獾、袋獾面部肿瘤病或相关生态建模/识别的项目。,选择性查看：与 Tasmania 有关联，但价值取决于你的具体方向，可作为背景资料。
29,JonathanHolvey/tastopo,JonathanHolvey,https://github.com/JonathanHolvey/tastopo,GIS / Geography,Python,0,0,53,68,57,false,false,false,true,true,false,false,true,2021-08-01T12:28:00Z,2025-07-23T11:49:42Z,Python;GIS,用于制作或展示地形图的项目，数据层覆盖新南威尔士州和塔斯马尼亚。,选择性查看：与 Tasmania 有关联，但价值取决于你的具体方向，可作为背景资料。
30,SIDNut/nwrrr-waste-feed,SIDNut,https://github.com/SIDNut/nwrrr-waste-feed,Government / Public Data,Python,0,0,50,70,57,false,false,false,false,true,false,false,true,2026-04-25T03:09:24Z,2026-04-25T03:09:28Z,Python,抓取塔斯马尼亚地方议会规划申请数据的项目。,选择性查看：与 Tasmania 有关联，但价值取决于你的具体方向，可作为背景资料。
31,dtcrompton/tasmania-deforestation-detection,dtcrompton,https://github.com/dtcrompton/tasmania-deforestation-detection,AI / Machine Learning,Python,0,0,50,78,56,false,true,false,false,true,false,false,false,2026-03-09T12:11:33Z,2026-04-07T02:55:48Z,Python;ML / AI,使用卫星影像/深度学习检测塔斯马尼亚森林砍伐的项目。,选择性查看：与 Tasmania 有关联，但价值取决于你的具体方向，可作为背景资料。
32,FerdianFy13/Tasmanian-Devil,FerdianFy13,https://github.com/FerdianFy13/Tasmanian-Devil,Web / App,SCSS,1,0,40,74,55,false,false,false,false,false,false,false,true,2022-11-14T01:39:55Z,2022-11-29T03:24:28Z,SCSS,围绕塔斯马尼亚袋獾、袋獾面部肿瘤病或相关生态建模/识别的项目。,选择性查看：与 Tasmania 有关联，但价值取决于你的具体方向，可作为背景资料。
33,sage3648/KIT305-Mobile-Application-Development,sage3648,https://github.com/sage3648/KIT305-Mobile-Application-Development,Data Analysis,Java,0,0,36,70,55,true,false,true,false,false,false,true,true,2019-06-20T10:44:49Z,2019-06-20T11:50:14Z,Java,塔斯马尼亚大学课程、学生项目、作业或研究代码。,选择性查看：与 Tasmania 有关联，但价值取决于你的具体方向，可作为背景资料。
34,NordicFlame/SimpleEcho,NordicFlame,https://github.com/NordicFlame/SimpleEcho,Data Analysis,Java,0,0,36,70,55,true,false,true,false,false,false,false,true,2020-08-18T12:26:53Z,2020-08-18T12:45:16Z,Java,塔斯马尼亚大学课程、学生项目、作业或研究代码。,选择性查看：与 Tasmania 有关联，但价值取决于你的具体方向，可作为背景资料。
35,danielmuar/EO_GEOM7001_PROJECT,danielmuar,https://github.com/danielmuar/EO_GEOM7001_PROJECT,AI / Machine Learning,Jupyter Notebook,0,1,45,78,55,false,true,false,false,true,false,false,false,2024-10-25T00:45:47Z,2024-10-25T01:57:55Z,Jupyter Notebook;Python;ML / AI,使用卫星影像/深度学习检测塔斯马尼亚森林砍伐的项目。,选择性查看：与 Tasmania 有关联，但价值取决于你的具体方向，可作为背景资料。
36,siskavera/tasmanian-devil,siskavera,https://github.com/siskavera/tasmanian-devil,GIS / Geography,Matlab,1,0,38,82,54,false,true,false,true,false,false,false,false,2017-09-25T08:56:59Z,2018-02-21T14:31:00Z,Matlab;GIS;ML / AI;MATLAB,围绕塔斯马尼亚袋獾、袋獾面部肿瘤病或相关生态建模/识别的项目。,选择性查看：与 Tasmania 有关联，但价值取决于你的具体方向，可作为背景资料。
37,Jayden-Kearney/tasmania_species_app,Jayden-Kearney,https://github.com/Jayden-Kearney/tasmania_species_app,Web / App,HTML,0,0,43,70,54,false,false,false,false,true,false,false,true,2025-10-12T00:21:45Z,2025-10-16T03:00:59Z,HTML,塔斯马尼亚生态、气候、海洋、森林或本土物种相关研究项目。,选择性查看：与 Tasmania 有关联，但价值取决于你的具体方向，可作为背景资料。
38,kittoyeah/regionalmate,kittoyeah,https://github.com/kittoyeah/regionalmate,Education / UTAS,HTML,0,0,29,82,54,true,false,false,false,true,false,false,false,2025-08-17T08:22:14Z,2025-08-20T07:31:40Z,HTML,塔斯马尼亚大学课程、学生项目、作业或研究代码。,选择性查看：与 Tasmania 有关联，但价值取决于你的具体方向，可作为背景资料。
39,willemolding/penguin-tracks-vis,willemolding,https://github.com/willemolding/penguin-tracks-vis,Marine Science,JavaScript,3,0,30,85,53,false,false,true,false,false,false,false,false,2016-02-15T04:10:15Z,2016-03-02T00:48:35Z,JavaScript;JavaScript / Web,展示塔斯马尼亚南部小企鹅觅食行为或相关生态数据的可视化项目。,选择性查看：与 Tasmania 有关联，但价值取决于你的具体方向，可作为背景资料。
40,Ryan-Ashton/Identifying-Tasmanian-Tigers-CNN,Ryan-Ashton,https://github.com/Ryan-Ashton/Identifying-Tasmanian-Tigers-CNN,AI / Machine Learning,Jupyter Notebook,0,0,36,82,53,false,true,false,false,false,false,false,false,2023-02-17T05:47:03Z,2024-04-05T23:37:11Z,Jupyter Notebook;Python;ML / AI,塔斯马尼亚生态、气候、海洋、森林或本土物种相关研究项目。,选择性查看：与 Tasmania 有关联，但价值取决于你的具体方向，可作为背景资料。
41,RobWilsonTas/Tas_Aspect_Dryness,RobWilsonTas,https://github.com/RobWilsonTas/Tas_Aspect_Dryness,Data Analysis,Python,0,0,62,62,53,false,true,true,false,true,false,false,false,2026-04-08T22:59:44Z,2026-04-08T23:06:57Z,Python;ML / AI,与塔斯马尼亚有关的资料、应用或网站项目；原始描述较简略，建议打开 README 进一步确认。,选择性查看：与 Tasmania 有关联，但价值取决于你的具体方向，可作为背景资料。
42,maxfire2008/metrotas-cancellations-history,maxfire2008,https://github.com/maxfire2008/metrotas-cancellations-history,Government / Public Data,HTML,0,0,36,74,53,false,false,false,false,false,false,false,true,2023-08-25T09:46:55Z,2023-09-25T15:00:20Z,HTML,Metro Tasmania 公交准点、取消或运营信息数据项目。,选择性查看：与 Tasmania 有关联，但价值取决于你的具体方向，可作为背景资料。
43,Bigben83/tasmanian_planbuild,Bigben83,https://github.com/Bigben83/tasmanian_planbuild,Data Analysis,Ruby,0,0,41,76,52,false,false,true,false,true,false,false,false,2025-08-05T04:03:19Z,2025-08-06T21:53:04Z,Ruby,与塔斯马尼亚地方政府 PlanBuild/规划系统相关的项目。,选择性查看：与 Tasmania 有关联，但价值取决于你的具体方向，可作为背景资料。
44,sylviapump/endemic-birds-of-tasmania,sylviapump,https://github.com/sylviapump/endemic-birds-of-tasmania,Data Analysis,Unknown,0,0,41,76,52,false,false,true,false,true,false,false,false,2024-09-23T00:45:16Z,2024-09-23T00:45:20Z,,原始描述为空；根据仓库名判断，可能是塔斯马尼亚相关资料、网站或应用项目。,选择性查看：与 Tasmania 有关联，但价值取决于你的具体方向，可作为背景资料。
45,43South/tasmaniada,43South,https://github.com/43South/tasmaniada,Data Analysis,Python,2,1,30,80,51,false,false,true,false,false,false,false,false,2021-09-18T08:21:14Z,2021-10-01T08:32:33Z,Python;Data Engineering,抓取塔斯马尼亚地方议会规划申请数据的项目。,选择性查看：与 Tasmania 有关联，但价值取决于你的具体方向，可作为背景资料。
46,DamienIrving/hydrotas,DamienIrving,https://github.com/DamienIrving/hydrotas,Data Analysis,Jupyter Notebook,0,0,34,80,51,false,false,true,false,false,false,false,false,2023-04-04T07:19:45Z,2023-05-04T22:28:58Z,Jupyter Notebook;Python,与 Hydro Tasmania 水电、水库或水文数据相关的数据处理/可视化项目。,选择性查看：与 Tasmania 有关联，但价值取决于你的具体方向，可作为背景资料。
47,TripMomentIntern/2026_Tasmania,TripMomentIntern,https://github.com/TripMomentIntern/2026_Tasmania,Web / App,HTML,0,0,50,58,51,false,false,false,false,true,false,false,true,2026-05-02T03:29:31Z,2026-05-02T03:29:35Z,HTML,塔斯马尼亚旅游、住宿、行程或目的地展示项目。,选择性查看：与 Tasmania 有关联，但价值取决于你的具体方向，可作为背景资料。
48,surveyreports/utas-spc,surveyreports,https://github.com/surveyreports/utas-spc,Data Analysis,HTML,0,0,34,70,51,true,false,true,false,false,false,false,false,2022-07-31T17:33:23Z,2022-08-05T07:23:42Z,HTML,塔斯马尼亚大学课程、学生项目、作业或研究代码。,选择性查看：与 Tasmania 有关联，但价值取决于你的具体方向，可作为背景资料。
49,giftfairy/Discover-George-Town,giftfairy,https://github.com/giftfairy/Discover-George-Town,Web / App,HTML,0,0,50,58,51,false,false,false,false,true,false,false,true,2026-01-18T08:36:12Z,2026-01-19T08:03:02Z,HTML,围绕塔斯马尼亚旅行、目的地、路线或地方体验的项目。,选择性查看：与 Tasmania 有关联，但价值取决于你的具体方向，可作为背景资料。
50,mdsumner/tasmapr,mdsumner,https://github.com/mdsumner/tasmapr,GIS / Geography,R,2,1,42,60,50,false,false,false,true,false,false,false,true,2017-06-08T14:23:07Z,2019-11-14T02:15:11Z,R;GIS,通过 R/mapview 获取塔斯马尼亚地图服务器图层的工具。,选择性查看：与 Tasmania 有关联，但价值取决于你的具体方向，可作为背景资料。
51,bluewingedsoul/EWE-MarinePredators-Tasmania,bluewingedsoul,https://github.com/bluewingedsoul/EWE-MarinePredators-Tasmania,Marine Science,Unknown,0,0,43,61,50,false,false,false,false,true,false,false,true,2025-06-18T05:13:46Z,2025-06-18T05:15:28Z,,塔斯马尼亚生态、气候、海洋、森林或本土物种相关研究项目。,选择性查看：与 Tasmania 有关联，但价值取决于你的具体方向，可作为背景资料。
52,ElijahCuff/Yellow-Pages-Scraper-Australia,ElijahCuff,https://github.com/ElijahCuff/Yellow-Pages-Scraper-Australia,GIS / Geography,PHP,2,0,64,44,50,false,false,true,true,false,false,false,true,2021-03-19T06:18:59Z,2022-12-14T17:22:22Z,PHP;GIS;Data Engineering,塔斯马尼亚朗塞斯顿城市尺度开放许可 LIDAR/三维扫描数据项目。,选择性查看：与 Tasmania 有关联，但价值取决于你的具体方向，可作为背景资料。
53,43South/westtamarda,43South,https://github.com/43South/westtamarda,Data Analysis,Python,0,0,36,68,50,false,false,true,false,false,false,false,true,2021-09-17T07:33:51Z,2021-09-19T00:13:29Z,Python;Data Engineering,塔斯马尼亚政府、公共服务、开放数据或地方议会信息项目。,选择性查看：与 Tasmania 有关联，但价值取决于你的具体方向，可作为背景资料。
54,mahirs291/house-price-analysis,mahirs291,https://github.com/mahirs291/house-price-analysis,Data Analysis,Jupyter Notebook,0,0,55,52,50,false,false,true,false,true,false,false,true,2024-06-20T19:34:09Z,2024-06-21T08:54:14Z,Jupyter Notebook;Python,塔斯马尼亚房地产、房价、贷款或地产展示相关项目。,选择性查看：与 Tasmania 有关联，但价值取决于你的具体方向，可作为背景资料。
55,kurankat/tasmapper,kurankat,https://github.com/kurankat/tasmapper,GIS / Geography,Go,0,0,46,60,50,false,false,false,true,false,false,false,true,2021-11-01T00:35:58Z,2024-03-05T03:32:37Z,Go;GIS,塔斯马尼亚相关地图、GIS、空间数据或地理可视化项目。,选择性查看：与 Tasmania 有关联，但价值取决于你的具体方向，可作为背景资料。
56,utasanalytics/utas-analytics,utasanalytics,https://github.com/utasanalytics/utas-analytics,Data Analysis,PHP,2,0,28,70,49,true,false,true,false,false,false,true,false,2019-04-13T00:55:53Z,2019-05-28T09:28:37Z,PHP,塔斯马尼亚大学课程、学生项目、作业或研究代码。,选择性查看：与 Tasmania 有关联，但价值取决于你的具体方向，可作为背景资料。
57,Jamzy01/tasmanian-bike-tours-website,Jamzy01,https://github.com/Jamzy01/tasmanian-bike-tours-website,Data Analysis,TypeScript,0,0,48,56,49,false,false,true,false,false,false,false,true,2023-06-27T06:39:09Z,2023-06-28T04:55:06Z,TypeScript;JavaScript / Web,原始描述为空；根据仓库名判断，可能是塔斯马尼亚相关资料、网站或应用项目。,选择性查看：与 Tasmania 有关联，但价值取决于你的具体方向，可作为背景资料。
58,franciscoalbergoli/Sea_Urchin_Catcher,franciscoalbergoli,https://github.com/franciscoalbergoli/Sea_Urchin_Catcher,Marine Science,JavaScript,0,0,36,73,49,false,false,false,false,true,false,false,false,2026-02-13T02:48:52Z,2026-02-13T02:51:11Z,JavaScript;JavaScript / Web,塔斯马尼亚生态、气候、海洋、森林或本土物种相关研究项目。,选择性查看：与 Tasmania 有关联，但价值取决于你的具体方向，可作为背景资料。
59,cooindaonthebeach/cooindaonthebeach,cooindaonthebeach,https://github.com/cooindaonthebeach/cooindaonthebeach,Data Analysis,Unknown,0,0,48,64,49,false,false,true,false,true,false,false,false,2026-01-20T05:34:33Z,2026-01-20T05:34:33Z,,塔斯马尼亚旅游、住宿、行程或目的地展示项目。,选择性查看：与 Tasmania 有关联，但价值取决于你的具体方向，可作为背景资料。
60,nf-s/multiverse-website,nf-s,https://github.com/nf-s/multiverse-website,Web / App,TypeScript,0,1,45,58,49,false,false,false,false,true,false,false,true,2023-07-13T08:31:44Z,2025-01-20T13:39:29Z,TypeScript;JavaScript / Web,围绕塔斯马尼亚旅行、目的地、路线或地方体验的项目。,选择性查看：与 Tasmania 有关联，但价值取决于你的具体方向，可作为背景资料。
61,alexgleith/tasmap.org,alexgleith,https://github.com/alexgleith/tasmap.org,GIS / Geography,JavaScript,5,2,34,72,48,false,false,false,true,false,false,false,false,2016-07-30T00:58:38Z,2017-07-17T10:53:03Z,JavaScript;JavaScript / Web;GIS,塔斯马尼亚地图网站或地图展示项目。,选择性查看：与 Tasmania 有关联，但价值取决于你的具体方向，可作为背景资料。
62,stuarta0/launceston-3d,stuarta0,https://github.com/stuarta0/launceston-3d,GIS / Geography,Unknown,5,1,32,72,48,false,false,false,true,false,false,false,false,2020-12-19T00:52:24Z,2020-12-19T09:33:28Z,GIS,塔斯马尼亚朗塞斯顿城市尺度开放许可 LIDAR/三维扫描数据项目。,选择性查看：与 Tasmania 有关联，但价值取决于你的具体方向，可作为背景资料。
63,parisba/2026-ArtsTas-SL,parisba,https://github.com/parisba/2026-ArtsTas-SL,Web / App,Unknown,0,0,43,58,48,false,false,false,false,true,false,false,true,2025-11-05T00:09:49Z,2025-11-05T00:30:46Z,,Arts Tasmania 艺术资助或霍巴特艺术项目相关资料。,选择性查看：与 Tasmania 有关联，但价值取决于你的具体方向，可作为背景资料。
64,jrcrisford/programming-portfolio-kit107,jrcrisford,https://github.com/jrcrisford/programming-portfolio-kit107,Student Projects,C,0,0,43,49,48,true,false,false,false,true,false,true,true,2025-06-15T11:03:58Z,2025-06-15T11:19:22Z,C,塔斯马尼亚大学课程、学生项目、作业或研究代码。,选择性查看：与 Tasmania 有关联，但价值取决于你的具体方向，可作为背景资料。
65,TheDarkPanther/TasmaniaMap,TheDarkPanther,https://github.com/TheDarkPanther/TasmaniaMap,GIS / Geography,Unknown,0,0,39,68,47,false,false,false,true,true,false,false,false,2025-03-12T23:54:50Z,2025-03-12T23:54:51Z,GIS,塔斯马尼亚相关地图、GIS、空间数据或地理可视化项目。,选择性查看：与 Tasmania 有关联，但价值取决于你的具体方向，可作为背景资料。
66,nickfountainjones/PracticalsKPZ312,nickfountainjones,https://github.com/nickfountainjones/PracticalsKPZ312,Data Analysis,Unknown,0,2,25,70,47,true,false,true,false,false,false,false,false,2020-03-01T23:33:26Z,2020-03-09T22:15:30Z,R,塔斯马尼亚大学课程、学生项目、作业或研究代码。,选择性查看：与 Tasmania 有关联，但价值取决于你的具体方向，可作为背景资料。
67,vanDemonian/TAS_data,vanDemonian,https://github.com/vanDemonian/TAS_data,Data Analysis,Unknown,0,0,22,80,47,false,false,true,false,false,false,false,false,2016-06-28T05:09:07Z,2016-09-20T03:14:22Z,,塔斯马尼亚专用数据集。,选择性查看：与 Tasmania 有关联，但价值取决于你的具体方向，可作为背景资料。
68,taziedevil/tasmania-realestate-heatmap,taziedevil,https://github.com/taziedevil/tasmania-realestate-heatmap,GIS / Geography,HTML,0,0,39,68,47,false,false,false,true,true,false,false,false,2025-05-06T03:37:47Z,2025-05-06T04:22:11Z,HTML;GIS,原始描述为空；根据仓库名判断，可能是塔斯马尼亚相关资料、网站或应用项目。,选择性查看：与 Tasmania 有关联，但价值取决于你的具体方向，可作为背景资料。
69,taziedevil/tasmania-suburb-report-table,taziedevil,https://github.com/taziedevil/tasmania-suburb-report-table,GIS / Geography,HTML,0,0,39,68,47,false,false,false,true,true,false,false,false,2025-05-13T08:50:46Z,2025-05-14T00:01:52Z,HTML,原始描述为空；根据仓库名判断，可能是塔斯马尼亚相关资料、网站或应用项目。,选择性查看：与 Tasmania 有关联，但价值取决于你的具体方向，可作为背景资料。
70,paulieokay/coupes,paulieokay,https://github.com/paulieokay/coupes,GIS / Geography,Unknown,0,0,39,68,47,false,false,false,true,true,false,false,false,2025-07-24T11:45:12Z,2025-08-05T06:42:08Z,GIS,塔斯马尼亚相关地图、GIS、空间数据或地理可视化项目。,选择性查看：与 Tasmania 有关联，但价值取决于你的具体方向，可作为背景资料。
71,taziedevil/tasmanian-suburb-table-map,taziedevil,https://github.com/taziedevil/tasmanian-suburb-table-map,GIS / Geography,HTML,0,0,39,68,47,false,false,false,true,true,false,false,false,2025-05-14T00:08:10Z,2025-05-14T05:42:39Z,HTML;GIS,原始描述为空；根据仓库名判断，可能是塔斯马尼亚相关资料、网站或应用项目。,选择性查看：与 Tasmania 有关联，但价值取决于你的具体方向，可作为背景资料。
72,taziedevil/tasmania-real-estate-map,taziedevil,https://github.com/taziedevil/tasmania-real-estate-map,GIS / Geography,HTML,0,0,39,68,47,false,false,false,true,true,false,false,false,2025-05-02T03:48:32Z,2025-05-06T03:48:07Z,HTML;GIS,原始描述为空；根据仓库名判断，可能是塔斯马尼亚相关资料、网站或应用项目。,选择性查看：与 Tasmania 有关联，但价值取决于你的具体方向，可作为背景资料。
73,travistyzero/hydro-data,travistyzero,https://github.com/travistyzero/hydro-data,Data Analysis,JavaScript,0,0,22,80,47,false,false,true,false,false,false,false,false,2016-03-13T07:54:24Z,2016-04-18T05:08:22Z,JavaScript;JavaScript / Web;Data Engineering,与 Hydro Tasmania 水电、水库或水文数据相关的数据处理/可视化项目。,选择性查看：与 Tasmania 有关联，但价值取决于你的具体方向，可作为背景资料。
74,mjec/metro-data,mjec,https://github.com/mjec/metro-data,Data Analysis,Unknown,0,0,22,80,47,false,false,true,false,false,false,false,false,2013-08-15T01:59:44Z,2013-08-15T03:35:07Z,,Metro Tasmania 公交准点、取消或运营信息数据项目。,选择性查看：与 Tasmania 有关联，但价值取决于你的具体方向，可作为背景资料。
75,lanceolata-au/prodromoi-api,lanceolata-au,https://github.com/lanceolata-au/prodromoi-api,Local Business / Tourism,C#,0,0,48,51,47,false,false,true,false,false,false,false,true,2023-04-11T02:28:46Z,2023-09-09T00:34:01Z,C#;Data Engineering,塔斯马尼亚本地商业、生活服务或市场类项目。,选择性查看：与 Tasmania 有关联，但价值取决于你的具体方向，可作为背景资料。
76,fredfery/3d-land-cover-map-Tasmania-esri,fredfery,https://github.com/fredfery/3d-land-cover-map-Tasmania-esri,GIS / Geography,R,0,0,39,68,47,false,false,false,true,true,false,false,false,2024-12-11T20:27:31Z,2024-12-23T04:33:32Z,R;GIS,原始描述为空；根据仓库名判断，可能是塔斯马尼亚相关资料、网站或应用项目。,选择性查看：与 Tasmania 有关联，但价值取决于你的具体方向，可作为背景资料。
77,fredfery/3d-land-cover-map-Tasmania-esa,fredfery,https://github.com/fredfery/3d-land-cover-map-Tasmania-esa,GIS / Geography,R,0,0,39,68,47,false,false,false,true,true,false,false,false,2024-12-23T04:25:41Z,2024-12-23T08:52:28Z,R;GIS,原始描述为空；根据仓库名判断，可能是塔斯马尼亚相关资料、网站或应用项目。,选择性查看：与 Tasmania 有关联，但价值取决于你的具体方向，可作为背景资料。
78,lukaslindenthal/flight-campaign-rf01-demo,lukaslindenthal,https://github.com/lukaslindenthal/flight-campaign-rf01-demo,GIS / Geography,JavaScript,0,0,32,72,47,false,false,false,true,false,false,false,false,2023-04-13T23:40:46Z,2023-04-13T23:51:47Z,JavaScript;JavaScript / Web;GIS,塔斯马尼亚相关地图、GIS、空间数据或地理可视化项目。,选择性查看：与 Tasmania 有关联，但价值取决于你的具体方向，可作为背景资料。
79,AleronFrancois/PostCodeProgram,AleronFrancois,https://github.com/AleronFrancois/PostCodeProgram,GIS / Geography,Java,0,0,39,68,47,false,false,false,true,true,false,false,false,2025-03-13T11:49:41Z,2025-03-25T01:00:15Z,Java,查询塔斯马尼亚邮编及对应城镇/郊区的程序。,选择性查看：与 Tasmania 有关联，但价值取决于你的具体方向，可作为背景资料。
80,mohmmadAK/SIT305,mohmmadAK,https://github.com/mohmmadAK/SIT305,Data Analysis,Java,0,0,22,80,47,false,false,true,false,false,false,false,false,2018-03-28T04:31:50Z,2018-05-18T13:30:12Z,Java,与塔斯马尼亚有关的资料、应用或网站项目；原始描述较简略，建议打开 README 进一步确认。,选择性查看：与 Tasmania 有关联，但价值取决于你的具体方向，可作为背景资料。
81,mdsumner/applemile,mdsumner,https://github.com/mdsumner/applemile,GIS / Geography,HTML,0,0,34,60,46,false,false,false,true,false,false,false,true,2017-07-29T10:37:20Z,2017-07-29T10:41:16Z,HTML;GIS,塔斯马尼亚相关地图、GIS、空间数据或地理可视化项目。,选择性查看：与 Tasmania 有关联，但价值取决于你的具体方向，可作为背景资料。
82,galckmin/PhD_DataAnalysis,galckmin,https://github.com/galckmin/PhD_DataAnalysis,Data Analysis,Unknown,0,0,22,70,46,true,false,true,false,false,false,false,false,2018-01-28T23:44:53Z,2018-01-28T23:44:54Z,,塔斯马尼亚大学课程、学生项目、作业或研究代码。,选择性查看：与 Tasmania 有关联，但价值取决于你的具体方向，可作为背景资料。
83,cazalye/universityFC,cazalye,https://github.com/cazalye/universityFC,Education / UTAS,TypeScript,0,0,22,70,46,true,false,true,false,false,false,false,false,2020-09-07T21:28:55Z,2021-02-08T06:05:24Z,TypeScript;JavaScript / Web;React;Data Engineering,塔斯马尼亚大学课程、学生项目、作业或研究代码。,选择性查看：与 Tasmania 有关联，但价值取决于你的具体方向，可作为背景资料。
84,NordicFlame/SuperCubicleAdventures,NordicFlame,https://github.com/NordicFlame/SuperCubicleAdventures,Data Analysis,ShaderLab,0,0,22,70,46,true,false,true,false,false,false,false,false,2020-08-17T00:05:49Z,2021-02-16T01:23:35Z,ShaderLab,塔斯马尼亚大学课程、学生项目、作业或研究代码。,选择性查看：与 Tasmania 有关联，但价值取决于你的具体方向，可作为背景资料。
85,tfsbrigades/Tasmania-brigades,tfsbrigades,https://github.com/tfsbrigades/Tasmania-brigades,Web / App,HTML,0,0,29,70,45,false,false,false,false,true,false,false,false,2025-08-16T02:08:06Z,2025-08-16T04:51:20Z,HTML,塔斯马尼亚政府、公共服务、开放数据或地方议会信息项目。,选择性查看：与 Tasmania 有关联，但价值取决于你的具体方向，可作为背景资料。
86,Getbusi/lgmtas,Getbusi,https://github.com/Getbusi/lgmtas,Web / App,HTML,0,0,50,46,45,false,false,false,false,true,false,false,true,2020-11-20T04:08:15Z,2026-03-02T03:54:25Z,HTML,塔斯马尼亚园艺/花园维护本地服务网站。,选择性查看：与 Tasmania 有关联，但价值取决于你的具体方向，可作为背景资料。
87,Kirirou/farmtasker-au,Kirirou,https://github.com/Kirirou/farmtasker-au,Web / App,Rust,0,0,50,46,45,false,false,false,false,true,false,false,true,2024-09-03T06:48:57Z,2026-01-17T18:47:38Z,Rust,塔斯马尼亚本地商业、生活服务或市场类项目。,选择性查看：与 Tasmania 有关联，但价值取决于你的具体方向，可作为背景资料。
88,sdesalas/pocket-convict-finder,sdesalas,https://github.com/sdesalas/pocket-convict-finder,Data Analysis,Unknown,0,0,36,56,45,false,false,true,false,false,false,false,true,2015-07-03T15:36:55Z,2016-01-12T05:59:07Z,,检索或可视化 19 世纪被流放至塔斯马尼亚的囚犯资料。,选择性查看：与 Tasmania 有关联，但价值取决于你的具体方向，可作为背景资料。
89,rdmpage/pap-proc-roy-soc-tas,rdmpage,https://github.com/rdmpage/pap-proc-roy-soc-tas,Research Projects,PHP,0,0,29,68,44,false,false,false,false,true,false,false,false,2025-02-20T17:22:26Z,2025-02-25T08:55:12Z,PHP,塔斯马尼亚历史、文化、社区或人文资料项目。,低优先级：描述较泛或技术/方向匹配度有限，放在后续调研。
90,gopaladhikari/travel-with-a-cause,gopaladhikari,https://github.com/gopaladhikari/travel-with-a-cause,Web / App,JavaScript,0,0,22,74,44,false,false,false,false,false,false,false,false,2023-01-19T05:27:02Z,2023-01-23T11:40:55Z,JavaScript;JavaScript / Web,塔斯马尼亚旅游、住宿、行程或目的地展示项目。,低优先级：描述较泛或技术/方向匹配度有限，放在后续调研。
91,wghuneke/UTasIMAS_PhDThesis_Template,wghuneke,https://github.com/wghuneke/UTasIMAS_PhDThesis_Template,Marine Science,TeX,14,10,28,55,42,true,false,false,false,false,false,false,false,2020-06-01T06:49:18Z,2020-06-01T07:54:33Z,TeX,塔斯马尼亚大学或其相关学院的论文/学位论文 LaTeX 模板。,低优先级：描述较泛或技术/方向匹配度有限，放在后续调研。
92,JorgeRodriguezGonzalez/tasmania-roofing,JorgeRodriguezGonzalez,https://github.com/JorgeRodriguezGonzalez/tasmania-roofing,Web / App,Unknown,0,0,43,46,42,false,false,false,false,true,false,false,true,2025-10-24T03:43:12Z,2025-10-24T03:43:12Z,,塔斯马尼亚本地商业、生活服务或市场类项目。,低优先级：描述较泛或技术/方向匹配度有限，放在后续调研。
93,SanchoDev39/ExploreFlindersIsland,SanchoDev39,https://github.com/SanchoDev39/ExploreFlindersIsland,Web / App,JavaScript,0,0,36,58,42,false,false,false,false,true,false,false,false,2024-09-30T01:46:42Z,2026-01-13T13:19:59Z,JavaScript;JavaScript / Web,介绍塔斯马尼亚弗林德斯岛的网页项目。,低优先级：描述较泛或技术/方向匹配度有限，放在后续调研。
94,ahpoi/tasmania-overland-planner,ahpoi,https://github.com/ahpoi/tasmania-overland-planner,Web / App,TypeScript,0,0,36,58,42,false,false,false,false,true,false,false,false,2026-03-23T11:47:48Z,2026-03-24T13:13:18Z,TypeScript;JavaScript / Web,原始描述为空；根据仓库名判断，可能是塔斯马尼亚相关资料、网站或应用项目。,低优先级：描述较泛或技术/方向匹配度有限，放在后续调研。
95,yilinqiao/tasmania-2025-trip,yilinqiao,https://github.com/yilinqiao/tasmania-2025-trip,Web / App,HTML,0,0,36,58,42,false,false,false,false,true,false,false,false,2026-02-07T06:30:20Z,2026-02-07T08:22:46Z,HTML,原始描述为空；根据仓库名判断，可能是塔斯马尼亚相关资料、网站或应用项目。,低优先级：描述较泛或技术/方向匹配度有限，放在后续调研。
96,martincherries-star/Bushmill-Tours,martincherries-star,https://github.com/martincherries-star/Bushmill-Tours,Web / App,HTML,0,0,36,58,42,false,false,false,false,true,false,false,false,2026-01-06T06:09:27Z,2026-01-06T06:15:38Z,HTML,塔斯马尼亚旅游、住宿、行程或目的地展示项目。,低优先级：描述较泛或技术/方向匹配度有限，放在后续调研。
97,motomazza-hub/tasmania-trip-diary,motomazza-hub,https://github.com/motomazza-hub/tasmania-trip-diary,Web / App,HTML,0,0,36,58,42,false,false,false,false,true,false,false,false,2026-03-20T14:11:38Z,2026-03-20T15:03:18Z,HTML,塔斯马尼亚旅游、住宿、行程或目的地展示项目。,低优先级：描述较泛或技术/方向匹配度有限，放在后续调研。
98,aj-kivimaki/au2mate-showcase,aj-kivimaki,https://github.com/aj-kivimaki/au2mate-showcase,Web / App,Unknown,0,0,43,46,42,false,false,false,false,true,false,false,true,2024-10-19T10:26:45Z,2024-11-28T14:50:08Z,JavaScript / Web;React;Docker;PostgreSQL / PostGIS,塔斯马尼亚本地商业、生活服务或市场类项目。,低优先级：描述较泛或技术/方向匹配度有限，放在后续调研。
99,FCMAP/qgis2web_2024_03_29-12_15_36_411992,FCMAP,https://github.com/FCMAP/qgis2web_2024_03_29-12_15_36_411992,GIS / Geography,JavaScript,0,0,32,60,41,false,false,false,true,false,false,false,false,2024-03-29T11:29:09Z,2024-03-29T11:43:42Z,JavaScript;JavaScript / Web;GIS,塔斯马尼亚相关地图、GIS、空间数据或地理可视化项目。,低优先级：描述较泛或技术/方向匹配度有限，放在后续调研。
100,ztgreene/tasmanian_devils,ztgreene,https://github.com/ztgreene/tasmanian_devils,Data Analysis,R,0,0,22,68,41,false,false,true,false,false,false,false,false,2021-10-13T01:03:53Z,2021-10-13T01:09:02Z,R,塔斯马尼亚生态、气候、海洋、森林或本土物种相关研究项目。,低优先级：描述较泛或技术/方向匹配度有限，放在后续调研。
101,sergioiglevar/AIRBNB_TASMANIA,sergioiglevar,https://github.com/sergioiglevar/AIRBNB_TASMANIA,Data Analysis,Jupyter Notebook,0,0,41,52,41,false,false,true,false,true,false,false,false,2024-11-03T13:15:28Z,2024-11-03T13:37:31Z,Jupyter Notebook;Python,分析或可视化塔斯马尼亚 Airbnb 房源数据的项目。,低优先级：描述较泛或技术/方向匹配度有限，放在后续调研。
102,Tas-Tech-Talks/tas-tech-events,Tas-Tech-Talks,https://github.com/Tas-Tech-Talks/tas-tech-events,Web / App,HTML,1,0,54,34,41,false,false,false,false,true,false,false,true,2025-11-21T02:17:22Z,2025-11-26T01:45:19Z,HTML,与塔斯马尼亚有关的资料、应用或网站项目；原始描述较简略，建议打开 README 进一步确认。,低优先级：描述较泛或技术/方向匹配度有限，放在后续调研。
103,u7293638/aus-ghost-map,u7293638,https://github.com/u7293638/aus-ghost-map,GIS / Geography,Unknown,0,0,32,60,41,false,false,false,true,false,false,false,false,2023-10-10T02:35:28Z,2023-10-27T21:57:05Z,GIS,塔斯马尼亚相关地图、GIS、空间数据或地理可视化项目。,低优先级：描述较泛或技术/方向匹配度有限，放在后续调研。
104,BrendanGasparin/gardening-2011,BrendanGasparin,https://github.com/BrendanGasparin/gardening-2011,Education / UTAS,HTML,0,0,24,50,41,true,false,false,false,false,false,false,true,2022-01-11T14:14:15Z,2022-01-11T14:38:25Z,HTML,塔斯马尼亚大学课程、学生项目、作业或研究代码。,低优先级：描述较泛或技术/方向匹配度有限，放在后续调研。
105,namedummy568-stack/TasmanianMarineData,namedummy568-stack,https://github.com/namedummy568-stack/TasmanianMarineData,Marine Science,Unknown,0,0,29,61,40,false,false,false,false,true,false,false,false,2025-09-22T07:26:28Z,2025-09-22T07:26:29Z,,塔斯马尼亚生态、气候、海洋、森林或本土物种相关研究项目。,低优先级：描述较泛或技术/方向匹配度有限，放在后续调研。
106,nf-s/tas-convict-datavis-d3,nf-s,https://github.com/nf-s/tas-convict-datavis-d3,Data Analysis,JavaScript,0,0,34,56,40,false,false,true,false,false,false,false,false,2018-01-16T06:24:58Z,2023-06-14T06:08:43Z,JavaScript;JavaScript / Web,检索或可视化 19 世纪被流放至塔斯马尼亚的囚犯资料。,低优先级：描述较泛或技术/方向匹配度有限，放在后续调研。
107,RobTheOceanographer/tassie_sst_climatology,RobTheOceanographer,https://github.com/RobTheOceanographer/tassie_sst_climatology,Marine Science,Unknown,1,0,28,53,40,false,false,false,false,false,false,false,true,2016-08-03T23:45:37Z,2016-08-04T23:15:00Z,,处理塔斯马尼亚周边海域海表温度观测和气候模型数据的代码。,低优先级：描述较泛或技术/方向匹配度有限，放在后续调研。
108,travistyzero/hydro-web,travistyzero,https://github.com/travistyzero/hydro-web,Government / Public Data,JavaScript,0,0,10,74,39,false,false,false,false,false,false,false,false,2016-04-13T04:14:29Z,2016-05-03T00:47:15Z,JavaScript;JavaScript / Web,与 Hydro Tasmania 水电、水库或水文数据相关的数据处理/可视化项目。,低优先级：描述较泛或技术/方向匹配度有限，放在后续调研。
109,unitingstats-spec/UnitingStats,unitingstats-spec,https://github.com/unitingstats-spec/UnitingStats,Web / App,HTML,0,0,29,58,39,false,false,false,false,true,false,false,false,2025-10-19T03:13:54Z,2025-10-19T04:51:42Z,HTML,塔斯马尼亚历史、文化、社区或人文资料项目。,低优先级：描述较泛或技术/方向匹配度有限，放在后续调研。
110,GITenberg/The-History-of-Tasmania-Volume-I_24362,GITenberg,https://github.com/GITenberg/The-History-of-Tasmania-Volume-I_24362,Web / App,HTML,0,0,10,74,39,false,false,false,false,false,false,false,false,2014-07-31T04:32:56Z,2018-10-18T22:34:05Z,HTML,来自 Project Gutenberg 的塔斯马尼亚历史/旅行文本项目。,低优先级：描述较泛或技术/方向匹配度有限，放在后续调研。
111,GITenberg/The-History-of-Tasmania-Volume-II_22849,GITenberg,https://github.com/GITenberg/The-History-of-Tasmania-Volume-II_22849,Web / App,HTML,0,0,10,74,39,false,false,false,false,false,false,false,false,2014-07-31T00:23:08Z,2018-10-18T18:46:16Z,HTML,来自 Project Gutenberg 的塔斯马尼亚历史/旅行文本项目。,低优先级：描述较泛或技术/方向匹配度有限，放在后续调研。
112,jrcrisford/skybound-ascension-prototype,jrcrisford,https://github.com/jrcrisford/skybound-ascension-prototype,Student Projects,ShaderLab,0,0,29,49,39,true,false,false,false,true,false,true,false,2025-06-15T11:24:38Z,2025-06-15T11:44:24Z,ShaderLab,塔斯马尼亚大学课程、学生项目、作业或研究代码。,低优先级：描述较泛或技术/方向匹配度有限，放在后续调研。
113,NAJMUL-DBN/KIT500,NAJMUL-DBN,https://github.com/NAJMUL-DBN/KIT500,Student Projects,Python,0,0,29,49,39,true,false,false,false,true,false,true,false,2024-08-14T00:23:39Z,2024-08-14T00:31:33Z,Python,塔斯马尼亚大学课程、学生项目、作业或研究代码。,低优先级：描述较泛或技术/方向匹配度有限，放在后续调研。
114,ManinderpreetPuri/Business-Resilliance-Program-Data-Analysis,ManinderpreetPuri,https://github.com/ManinderpreetPuri/Business-Resilliance-Program-Data-Analysis,Data Analysis,Unknown,0,0,36,44,39,false,false,true,false,false,false,false,true,2021-07-14T04:11:59Z,2021-07-14T04:19:52Z,,塔斯马尼亚本地商业、生活服务或市场类项目。,低优先级：描述较泛或技术/方向匹配度有限，放在后续调研。
115,SeaShadow/LaTeX-AMC-PhD-Thesis-Template,SeaShadow,https://github.com/SeaShadow/LaTeX-AMC-PhD-Thesis-Template,Education / UTAS,TeX,4,3,23,50,38,true,false,false,false,false,false,false,false,2015-08-16T07:23:21Z,2020-07-08T03:38:30Z,TeX,塔斯马尼亚大学或其相关学院的论文/学位论文 LaTeX 模板。,低优先级：描述较泛或技术/方向匹配度有限，放在后续调研。
116,ElijahCuff/Tas-GRN-Collection,ElijahCuff,https://github.com/ElijahCuff/Tas-GRN-Collection,Government / Public Data,PHP,0,0,22,62,38,false,false,false,false,false,false,false,false,2022-07-30T12:37:24Z,2023-08-01T08:00:29Z,PHP,塔斯马尼亚政府无线电网络资料收集项目。,低优先级：描述较泛或技术/方向匹配度有限，放在后续调研。
117,justDlight/Shop_Tasmania_CSS,justDlight,https://github.com/justDlight/Shop_Tasmania_CSS,Web / App,CSS,1,0,40,38,38,false,false,false,false,false,false,false,true,2023-03-15T02:32:10Z,2023-03-15T04:14:45Z,CSS,塔斯马尼亚本地商业、生活服务或市场类项目。,低优先级：描述较泛或技术/方向匹配度有限，放在后续调研。
118,A-J-Morris/Blakes-Opening-UAV-Data-Applications,A-J-Morris,https://github.com/A-J-Morris/Blakes-Opening-UAV-Data-Applications,Data Analysis,Python,0,0,48,32,38,false,false,true,false,false,false,false,true,2022-12-05T02:38:41Z,2022-12-05T03:02:50Z,Python,与塔斯马尼亚有关的资料、应用或网站项目；原始描述较简略，建议打开 README 进一步确认。,低优先级：描述较泛或技术/方向匹配度有限，放在后续调研。
119,admiraldolphin/govhack2013,admiraldolphin,https://github.com/admiraldolphin/govhack2013,Government / Public Data,Python,1,2,17,62,37,false,false,false,false,false,false,false,false,2013-05-31T11:44:31Z,2013-06-02T06:41:31Z,Python,塔斯马尼亚 GovHack 竞赛项目。,低优先级：描述较泛或技术/方向匹配度有限，放在后续调研。
120,alexanderhayward1995/Soundbites-tas,alexanderhayward1995,https://github.com/alexanderhayward1995/Soundbites-tas,Data Analysis,HTML,0,0,48,40,37,false,false,true,false,true,false,false,false,2026-04-13T13:34:37Z,2026-04-14T07:10:37Z,HTML,与塔斯马尼亚有关的资料、应用或网站项目；原始描述较简略，建议打开 README 进一步确认。,低优先级：描述较泛或技术/方向匹配度有限，放在后续调研。
121,Veryboredcat/tasmanianwildcall,Veryboredcat,https://github.com/Veryboredcat/tasmanianwildcall,Web / App,HTML,0,0,43,34,37,false,false,false,false,true,false,false,true,2025-06-02T21:50:07Z,2025-06-02T21:54:52Z,HTML,与塔斯马尼亚有关的资料、应用或网站项目；原始描述较简略，建议打开 README 进一步确认。,低优先级：描述较泛或技术/方向匹配度有限，放在后续调研。
122,Ecosystem-Indicators-Workflows/tasmanian-bogs-water-balance,Ecosystem-Indicators-Workflows,https://github.com/Ecosystem-Indicators-Workflows/tasmanian-bogs-water-balance,Data Analysis,Jupyter Notebook,1,0,45,40,37,false,false,true,false,true,false,false,false,2025-09-26T04:00:55Z,2025-09-26T04:01:00Z,Jupyter Notebook;Python,原始描述为空；根据仓库名判断，可能是塔斯马尼亚相关资料、网站或应用项目。,低优先级：描述较泛或技术/方向匹配度有限，放在后续调研。
123,Chanpreet-Singh/Talk2Me-Tasmania-public,Chanpreet-Singh,https://github.com/Chanpreet-Singh/Talk2Me-Tasmania-public,Data Analysis,HTML,0,0,48,40,37,false,false,true,false,true,false,false,false,2026-05-07T11:24:44Z,2026-05-07T12:11:58Z,HTML,与塔斯马尼亚有关的资料、应用或网站项目；原始描述较简略，建议打开 README 进一步确认。,低优先级：描述较泛或技术/方向匹配度有限，放在后续调研。
124,KimJuWan1/Classifying-Tasmanian-Bird-Vocalizations-Using-machine-learning-with-Data-Augmentation,KimJuWan1,https://github.com/KimJuWan1/Classifying-Tasmanian-Bird-Vocalizations-Using-machine-learning-with-Data-Augmentation,Data Analysis,Jupyter Notebook,0,0,48,40,37,false,false,true,false,true,false,false,false,2026-03-08T04:18:33Z,2026-03-08T04:48:52Z,Jupyter Notebook;Python,原始描述为空；根据仓库名判断，可能是塔斯马尼亚相关资料、网站或应用项目。,低优先级：描述较泛或技术/方向匹配度有限，放在后续调研。
125,Andrew-Klekociuk/allskycam,Andrew-Klekociuk,https://github.com/Andrew-Klekociuk/allskycam,Data Analysis,HTML,0,0,48,40,37,false,false,true,false,true,false,false,false,2026-02-15T23:40:10Z,2026-02-16T03:21:04Z,HTML,与塔斯马尼亚有关的资料、应用或网站项目；原始描述较简略，建议打开 README 进一步确认。,低优先级：描述较泛或技术/方向匹配度有限，放在后续调研。
126,sage3648/KIT301-ICT-Project,sage3648,https://github.com/sage3648/KIT301-ICT-Project,GIS / Geography,Unknown,0,0,20,53,37,true,false,false,true,false,false,true,false,2019-06-20T10:55:20Z,2019-06-20T11:50:49Z,,塔斯马尼亚大学课程、学生项目、作业或研究代码。,低优先级：描述较泛或技术/方向匹配度有限，放在后续调研。
127,travelens/tasmania-2018,travelens,https://github.com/travelens/tasmania-2018,Local Business / Tourism,Astro,0,0,29,51,36,false,false,false,false,true,false,false,false,2023-04-10T07:14:19Z,2025-03-04T04:23:42Z,Astro,塔斯马尼亚旅游、住宿、行程或目的地展示项目。,低优先级：描述较泛或技术/方向匹配度有限，放在后续调研。
128,disclosurelogs/au-tas-register-of-lobbyists,disclosurelogs,https://github.com/disclosurelogs/au-tas-register-of-lobbyists,GIS / Geography,Ruby,0,0,20,60,36,false,false,false,true,false,false,false,false,2014-02-18T08:17:20Z,2016-01-04T10:18:43Z,Ruby;GIS,塔斯马尼亚游说者登记册数据项目。,低优先级：描述较泛或技术/方向匹配度有限，放在后续调研。
129,kasun1986/project-A,kasun1986,https://github.com/kasun1986/project-A,Education / UTAS,Unknown,0,0,22,50,36,true,false,false,false,false,false,false,false,2023-08-24T10:27:23Z,2023-08-24T10:34:14Z,,塔斯马尼亚大学课程、学生项目、作业或研究代码。,低优先级：描述较泛或技术/方向匹配度有限，放在后续调研。
130,lisa-craw/tasmania_airbnbs,lisa-craw,https://github.com/lisa-craw/tasmania_airbnbs,Data Analysis,Python,1,0,38,44,36,false,false,true,false,false,false,false,false,2023-03-07T05:24:32Z,2023-03-16T03:13:26Z,Python,分析或可视化塔斯马尼亚 Airbnb 房源数据的项目。,低优先级：描述较泛或技术/方向匹配度有限，放在后续调研。
131,travelens/tasmania-2023,travelens,https://github.com/travelens/tasmania-2023,Local Business / Tourism,Astro,0,0,29,51,36,false,false,false,false,true,false,false,false,2023-04-21T07:42:26Z,2025-03-04T06:59:45Z,Astro,塔斯马尼亚旅游、住宿、行程或目的地展示项目。,低优先级：描述较泛或技术/方向匹配度有限，放在后续调研。
132,vecotter-cpu/dovecote-estate,vecotter-cpu,https://github.com/vecotter-cpu/dovecote-estate,Web / App,TypeScript,0,0,36,46,36,false,false,false,false,true,false,false,false,2025-10-14T09:43:23Z,2026-04-29T02:51:38Z,TypeScript;JavaScript / Web,塔斯马尼亚房地产、房价、贷款或地产展示相关项目。,低优先级：描述较泛或技术/方向匹配度有限，放在后续调研。
133,PT9301/Australian-Mountain-Peaks-KML,PT9301,https://github.com/PT9301/Australian-Mountain-Peaks-KML,GIS / Geography,R,0,0,20,60,36,false,false,false,true,false,false,false,false,2018-03-31T10:38:20Z,2018-04-03T07:32:58Z,R;GIS,塔斯马尼亚相关地图、GIS、空间数据或地理可视化项目。,低优先级：描述较泛或技术/方向匹配度有限，放在后续调研。
134,chrmccar/tasmania_seasons,chrmccar,https://github.com/chrmccar/tasmania_seasons,Data Analysis,Python,0,0,41,40,35,false,false,true,false,true,false,false,false,2025-03-20T16:53:31Z,2025-03-25T14:08:33Z,Python,与塔斯马尼亚有关的资料、应用或网站项目；原始描述较简略，建议打开 README 进一步确认。,低优先级：描述较泛或技术/方向匹配度有限，放在后续调研。
135,yanter/ccat,yanter,https://github.com/yanter/ccat,Other Tasmania,Astro,0,0,36,44,35,false,false,false,false,true,false,false,false,2026-01-27T21:46:11Z,2026-01-28T11:31:54Z,Astro,塔斯马尼亚历史、文化、社区或人文资料项目。,低优先级：描述较泛或技术/方向匹配度有限，放在后续调研。
136,wragge/chinese-tasmania-jlite,wragge,https://github.com/wragge/chinese-tasmania-jlite,Data Analysis,Jupyter Notebook,0,0,41,40,35,false,false,true,false,true,false,false,false,2025-08-15T04:04:38Z,2025-08-15T04:24:41Z,Jupyter Notebook;Python,原始描述为空；根据仓库名判断，可能是塔斯马尼亚相关资料、网站或应用项目。,低优先级：描述较泛或技术/方向匹配度有限，放在后续调研。
137,EliCarli/VarDyn_south_Tasmania_dataset,EliCarli,https://github.com/EliCarli/VarDyn_south_Tasmania_dataset,Data Analysis,nesC,0,0,41,40,35,false,false,true,false,true,false,false,false,2025-05-19T07:09:09Z,2025-08-01T12:35:09Z,nesC,原始描述为空；根据仓库名判断，可能是塔斯马尼亚相关资料、网站或应用项目。,低优先级：描述较泛或技术/方向匹配度有限，放在后续调研。
138,exxamalte/python-georss-tfs-incidents-client,exxamalte,https://github.com/exxamalte/python-georss-tfs-incidents-client,GIS / Geography,Python,0,0,0,72,35,false,false,false,true,false,true,false,false,2019-03-27T07:30:48Z,2025-11-01T12:25:04Z,Python;GIS,塔斯马尼亚消防事件 GeoRSS 或应急信息客户端。,低优先级：仓库已归档，主要作为历史或参考资料。
139,T3A2Group/client,T3A2Group,https://github.com/T3A2Group/client,Web / App,JavaScript,1,5,45,26,34,false,false,false,false,false,false,false,true,2022-07-12T23:31:11Z,2022-08-04T07:15:31Z,JavaScript;JavaScript / Web,塔斯马尼亚度假村 MERN 项目的前端代码。,低优先级：描述较泛或技术/方向匹配度有限，放在后续调研。
140,43South/Tasmanian-Councils,43South,https://github.com/43South/Tasmanian-Councils,Government / Public Data,Unknown,0,0,10,62,34,false,false,false,false,false,false,false,false,2021-09-30T10:16:30Z,2021-09-30T10:16:30Z,,原始描述为空；根据仓库名判断，可能是塔斯马尼亚相关资料、网站或应用项目。,低优先级：描述较泛或技术/方向匹配度有限，放在后续调研。
141,SofiaDL03/Airbnb_Tasmania,SofiaDL03,https://github.com/SofiaDL03/Airbnb_Tasmania,Data Analysis,Jupyter Notebook,0,0,34,44,34,false,false,true,false,false,false,false,false,2023-11-07T09:39:11Z,2023-11-30T15:35:10Z,Jupyter Notebook;Python,原始描述为空；根据仓库名判断，可能是塔斯马尼亚相关资料、网站或应用项目。,低优先级：描述较泛或技术/方向匹配度有限，放在后续调研。
142,cintiaiha/Tasmanian_Macrocystis_genotyping,cintiaiha,https://github.com/cintiaiha/Tasmanian_Macrocystis_genotyping,Marine Science,HTML,0,0,22,53,34,false,false,false,false,false,false,false,false,2022-05-05T02:05:16Z,2022-10-06T03:16:24Z,HTML,塔斯马尼亚巨藻基因组和分型分析脚本。,低优先级：描述较泛或技术/方向匹配度有限，放在后续调研。
143,equivalentideas/tas_lg_directory_councillors,equivalentideas,https://github.com/equivalentideas/tas_lg_directory_councillors,Government / Public Data,Ruby,0,1,12,62,34,false,false,false,false,false,false,false,false,2016-05-06T06:10:10Z,2016-05-08T05:33:05Z,Ruby,抓取塔斯马尼亚地方议会规划申请数据的项目。,低优先级：描述较泛或技术/方向匹配度有限，放在后续调研。
144,zhiyi-zy/airbnb-viz,zhiyi-zy,https://github.com/zhiyi-zy/airbnb-viz,Data Analysis,Jupyter Notebook,0,0,34,44,34,false,false,true,false,false,false,false,false,2023-07-10T05:36:03Z,2024-05-07T15:01:31Z,Jupyter Notebook;Python,分析或可视化塔斯马尼亚 Airbnb 房源数据的项目。,低优先级：描述较泛或技术/方向匹配度有限，放在后续调研。
145,dentalimplanttasmania/dental-implants-tasmania12,dentalimplanttasmania,https://github.com/dentalimplanttasmania/dental-implants-tasmania12,Web / App,HTML,0,0,29,46,33,false,false,false,false,true,false,false,false,2025-08-30T10:39:37Z,2025-08-30T10:40:47Z,HTML,原始描述为空；根据仓库名判断，可能是塔斯马尼亚相关资料、网站或应用项目。,低优先级：描述较泛或技术/方向匹配度有限，放在后续调研。
146,dentalimplanttasmania/dental-implants-tasmania1,dentalimplanttasmania,https://github.com/dentalimplanttasmania/dental-implants-tasmania1,Web / App,HTML,0,0,29,46,33,false,false,false,false,true,false,false,false,2025-09-25T05:38:19Z,2025-09-25T05:38:54Z,HTML,原始描述为空；根据仓库名判断，可能是塔斯马尼亚相关资料、网站或应用项目。,低优先级：描述较泛或技术/方向匹配度有限，放在后续调研。
147,lbesnard/River_Height_Tasmania,lbesnard,https://github.com/lbesnard/River_Height_Tasmania,Data Analysis,Python,0,0,36,32,33,false,false,true,false,false,false,false,true,2014-05-15T07:01:49Z,2016-02-15T00:05:28Z,Python,塔斯马尼亚河流水位或可划船状态通知工具。,低优先级：描述较泛或技术/方向匹配度有限，放在后续调研。
148,dentalimplanttasmania/dental-implants-tasmania,dentalimplanttasmania,https://github.com/dentalimplanttasmania/dental-implants-tasmania,Web / App,HTML,0,0,29,46,33,false,false,false,false,true,false,false,false,2025-08-30T11:48:13Z,2025-08-30T11:48:26Z,HTML,原始描述为空；根据仓库名判断，可能是塔斯马尼亚相关资料、网站或应用项目。,低优先级：描述较泛或技术/方向匹配度有限，放在后续调研。
149,anilbhattaraitoronto/everest,anilbhattaraitoronto,https://github.com/anilbhattaraitoronto/everest,Data Analysis,HTML,0,0,36,32,33,false,false,true,false,false,false,false,true,2018-12-30T05:43:54Z,2019-01-01T07:26:33Z,HTML,与塔斯马尼亚有关的资料、应用或网站项目；原始描述较简略，建议打开 README 进一步确认。,低优先级：描述较泛或技术/方向匹配度有限，放在后续调研。
150,vidyajay1/Farm-Guide-App,vidyajay1,https://github.com/vidyajay1/Farm-Guide-App,Web / App,Swift,1,0,28,38,33,false,false,false,false,false,false,false,true,2019-09-01T08:03:06Z,2020-09-03T22:35:04Z,Swift,塔斯马尼亚本地商业、生活服务或市场类项目。,低优先级：描述较泛或技术/方向匹配度有限，放在后续调研。
151,T3A2Group/server,T3A2Group,https://github.com/T3A2Group/server,Web / App,JavaScript,0,4,41,26,32,false,false,false,false,false,false,false,true,2022-07-12T23:43:56Z,2022-08-04T07:19:06Z,JavaScript;JavaScript / Web,塔斯马尼亚度假村 MERN 项目的后端代码。,低优先级：描述较泛或技术/方向匹配度有限，放在后续调研。
152,marcodejongh/ferry-checker,marcodejongh,https://github.com/marcodejongh/ferry-checker,Web / App,JavaScript,0,0,22,50,32,false,false,false,false,false,false,false,false,2023-03-01T04:48:40Z,2023-03-01T23:31:53Z,JavaScript;JavaScript / Web,检查或跟踪前往塔斯马尼亚渡轮信息的项目。,低优先级：描述较泛或技术/方向匹配度有限，放在后续调研。
153,asbrown1/Purify,asbrown1,https://github.com/asbrown1/Purify,Education / UTAS,C#,0,0,10,50,32,true,false,false,false,false,false,false,false,2016-08-29T04:29:25Z,2016-10-14T12:44:08Z,C#,塔斯马尼亚大学课程、学生项目、作业或研究代码。,低优先级：描述较泛或技术/方向匹配度有限，放在后续调研。
154,chirayu12/RAP,chirayu12,https://github.com/chirayu12/RAP,Education / UTAS,Unknown,0,0,10,50,32,true,false,false,false,false,false,false,false,2020-11-11T05:47:38Z,2020-11-11T05:48:11Z,,塔斯马尼亚大学课程、学生项目、作业或研究代码。,低优先级：描述较泛或技术/方向匹配度有限，放在后续调研。
155,dmarco1976/TazAgents,dmarco1976,https://github.com/dmarco1976/TazAgents,Local Business / Tourism,Python,0,0,36,39,32,false,false,false,false,true,false,false,false,2026-01-04T18:31:35Z,2026-01-07T23:20:40Z,Python,塔斯马尼亚房地产、房价、贷款或地产展示相关项目。,低优先级：描述较泛或技术/方向匹配度有限，放在后续调研。
156,namedummy568-stack/Indigenous_Studies_Research,namedummy568-stack,https://github.com/namedummy568-stack/Indigenous_Studies_Research,Research Projects,Unknown,0,0,29,44,32,false,false,false,false,true,false,false,false,2025-09-21T12:03:20Z,2025-09-21T12:03:59Z,,塔斯马尼亚历史、文化、社区或人文资料项目。,低优先级：描述较泛或技术/方向匹配度有限，放在后续调研。
157,KatieVandorou/Thesis-Code,KatieVandorou,https://github.com/KatieVandorou/Thesis-Code,Education / UTAS,Python,0,0,10,50,32,true,false,false,false,false,false,false,false,2017-11-12T04:24:45Z,2020-05-07T00:21:13Z,Python,塔斯马尼亚大学课程、学生项目、作业或研究代码。,低优先级：描述较泛或技术/方向匹配度有限，放在后续调研。
158,janekerry123/UTas-K7I-s2-2020,janekerry123,https://github.com/janekerry123/UTas-K7I-s2-2020,Education / UTAS,Unknown,0,0,10,50,32,true,false,false,false,false,false,false,false,2020-06-28T15:55:39Z,2020-06-29T08:49:59Z,,塔斯马尼亚大学课程、学生项目、作业或研究代码。,低优先级：描述较泛或技术/方向匹配度有限，放在后续调研。
159,acatling/eucalyptus-tasmania-project,acatling,https://github.com/acatling/eucalyptus-tasmania-project,Other Tasmania,R,0,0,22,48,31,false,false,false,false,false,false,false,false,2022-08-01T06:11:22Z,2023-11-01T03:17:09Z,R,原始描述为空；根据仓库名判断，可能是塔斯马尼亚相关资料、网站或应用项目。,低优先级：描述较泛或技术/方向匹配度有限，放在后续调研。
160,WangQuanmeng/Conservation-Prioritization-Tasmania,WangQuanmeng,https://github.com/WangQuanmeng/Conservation-Prioritization-Tasmania,Research Projects,Unknown,0,0,22,48,31,false,false,false,false,false,false,false,false,2022-09-12T08:29:13Z,2022-09-12T09:27:11Z,,塔斯马尼亚保护优先级、保护规划或生态保护相关项目。,低优先级：描述较泛或技术/方向匹配度有限，放在后续调研。
161,ConservationPrioritization/Tasmania-Conservation-Prioritization,ConservationPrioritization,https://github.com/ConservationPrioritization/Tasmania-Conservation-Prioritization,Research Projects,Unknown,0,0,22,48,31,false,false,false,false,false,false,false,false,2022-09-12T11:22:21Z,2022-10-01T04:38:47Z,,塔斯马尼亚保护优先级、保护规划或生态保护相关项目。,低优先级：描述较泛或技术/方向匹配度有限，放在后续调研。
162,AlexJPaton/BodyDimensions,AlexJPaton,https://github.com/AlexJPaton/BodyDimensions,Research Projects,Unknown,0,0,22,48,31,false,false,false,false,false,false,false,false,2024-02-12T10:49:26Z,2024-02-12T10:51:20Z,,塔斯马尼亚生态、气候、海洋、森林或本土物种相关研究项目。,低优先级：描述较泛或技术/方向匹配度有限，放在后续调研。
163,TrustEval/CoTrRank_Trust_Evaluation,TrustEval,https://github.com/TrustEval/CoTrRank_Trust_Evaluation,Data Analysis,Unknown,4,4,36,32,30,false,false,true,false,false,false,false,false,2020-07-14T09:38:31Z,2020-07-14T10:36:35Z,,论文使用的塔斯马尼亚 Twitter 数据集与信任评估代码。,低优先级：描述较泛或技术/方向匹配度有限，放在后续调研。
164,LeLeGazze/Tasmania,LeLeGazze,https://github.com/LeLeGazze/Tasmania,Student Projects,HTML,0,0,36,25,30,true,false,false,false,true,false,true,false,2026-04-28T06:22:53Z,2026-04-28T10:47:20Z,HTML,与塔斯马尼亚有关的资料、应用或网站项目；原始描述较简略，建议打开 README 进一步确认。,低优先级：描述较泛或技术/方向匹配度有限，放在后续调研。
165,darkmovertas/tas-motorcycle-dkt,darkmovertas,https://github.com/darkmovertas/tas-motorcycle-dkt,Web / App,HTML,0,0,36,34,30,false,false,false,false,true,false,false,false,2026-04-03T22:10:05Z,2026-04-14T08:57:10Z,HTML,塔斯马尼亚摩托车驾驶知识测试练习项目。,低优先级：描述较泛或技术/方向匹配度有限，放在后续调研。
166,prameshKc/Total-Hair-Beauty-Tasmania,prameshKc,https://github.com/prameshKc/Total-Hair-Beauty-Tasmania,Web / App,TypeScript,0,0,36,34,30,false,false,false,false,true,false,false,false,2026-01-04T08:38:20Z,2026-01-04T08:38:39Z,TypeScript;JavaScript / Web,与塔斯马尼亚有关的资料、应用或网站项目；原始描述较简略，建议打开 README 进一步确认。,低优先级：描述较泛或技术/方向匹配度有限，放在后续调研。
167,markoinh/Roam-Tasmania,markoinh,https://github.com/markoinh/Roam-Tasmania,Web / App,HTML,0,0,36,34,30,false,false,false,false,true,false,false,false,2026-04-18T10:34:47Z,2026-04-18T10:37:04Z,HTML,原始描述为空；根据仓库名判断，可能是塔斯马尼亚相关资料、网站或应用项目。,低优先级：描述较泛或技术/方向匹配度有限，放在后续调研。
168,markoinh/RoamTasmania,markoinh,https://github.com/markoinh/RoamTasmania,Web / App,JavaScript,0,0,36,34,30,false,false,false,false,true,false,false,false,2026-04-18T09:52:46Z,2026-04-18T10:06:18Z,JavaScript;JavaScript / Web,原始描述为空；根据仓库名判断，可能是塔斯马尼亚相关资料、网站或应用项目。,低优先级：描述较泛或技术/方向匹配度有限，放在后续调研。
169,sarikshyaadhikari/explore-tasmania,sarikshyaadhikari,https://github.com/sarikshyaadhikari/explore-tasmania,Web / App,HTML,0,0,36,34,30,false,false,false,false,true,false,false,false,2026-04-29T07:07:17Z,2026-04-29T12:14:33Z,HTML,原始描述为空；根据仓库名判断，可能是塔斯马尼亚相关资料、网站或应用项目。,低优先级：描述较泛或技术/方向匹配度有限，放在后续调研。
170,dachshundpuppy/miniature-dachshund-puppies-tasmania,dachshundpuppy,https://github.com/dachshundpuppy/miniature-dachshund-puppies-tasmania,Web / App,HTML,0,0,36,34,30,false,false,false,false,true,false,false,false,2025-11-17T15:50:27Z,2025-11-17T16:03:19Z,HTML,原始描述为空；根据仓库名判断，可能是塔斯马尼亚相关资料、网站或应用项目。,低优先级：描述较泛或技术/方向匹配度有限，放在后续调研。
171,tasmaniachinese/tasmaniachinese.github.io,tasmaniachinese,https://github.com/tasmaniachinese/tasmaniachinese.github.io,Web / App,TypeScript,0,0,36,34,30,false,false,false,false,true,false,false,false,2025-10-02T09:37:10Z,2026-01-23T10:19:01Z,TypeScript;JavaScript / Web,与塔斯马尼亚有关的资料、应用或网站项目；原始描述较简略，建议打开 README 进一步确认。,低优先级：描述较泛或技术/方向匹配度有限，放在后续调研。
172,luuDuyDinh/WildSafe_Tasmania,luuDuyDinh,https://github.com/luuDuyDinh/WildSafe_Tasmania,Web / App,JavaScript,0,0,36,34,30,false,false,false,false,true,false,false,false,2026-01-26T12:43:10Z,2026-01-26T12:43:17Z,JavaScript;JavaScript / Web,与塔斯马尼亚有关的资料、应用或网站项目；原始描述较简略，建议打开 README 进一步确认。,低优先级：描述较泛或技术/方向匹配度有限，放在后续调研。
173,olya457/HobartSecretsTasmaniaCounty,olya457,https://github.com/olya457/HobartSecretsTasmaniaCounty,Web / App,TypeScript,0,0,36,34,30,false,false,false,false,true,false,false,false,2025-12-19T19:29:29Z,2025-12-22T22:50:28Z,TypeScript;JavaScript / Web,原始描述为空；根据仓库名判断，可能是塔斯马尼亚相关资料、网站或应用项目。,低优先级：描述较泛或技术/方向匹配度有限，放在后续调研。
174,Amilwickz/Ember_Project_University_of_Tasmania,Amilwickz,https://github.com/Amilwickz/Ember_Project_University_of_Tasmania,Web / App,Unknown,0,0,36,26,30,false,false,false,false,false,false,false,true,2023-05-19T00:22:11Z,2023-05-19T00:22:12Z,Python,与塔斯马尼亚有关的资料、应用或网站项目；原始描述较简略，建议打开 README 进一步确认。,低优先级：描述较泛或技术/方向匹配度有限，放在后续调研。
175,Maksym-Tykhonenko/HobartSecretsTasmaniaCountyOlya,Maksym-Tykhonenko,https://github.com/Maksym-Tykhonenko/HobartSecretsTasmaniaCountyOlya,Web / App,TypeScript,0,0,36,34,30,false,false,false,false,true,false,false,false,2026-01-08T13:14:36Z,2026-01-08T14:22:24Z,TypeScript;JavaScript / Web,原始描述为空；根据仓库名判断，可能是塔斯马尼亚相关资料、网站或应用项目。,低优先级：描述较泛或技术/方向匹配度有限，放在后续调研。
176,cpunj/CitizenTas,cpunj,https://github.com/cpunj/CitizenTas,Web / App,Dart,2,0,30,26,29,false,false,false,false,false,false,false,true,2020-04-21T22:55:30Z,2020-04-22T00:41:01Z,Dart,Citizen Tasmania 应用项目。,低优先级：描述较泛或技术/方向匹配度有限，放在后续调研。
177,Amino207/Tasmanian-grain-storage-network,Amino207,https://github.com/Amino207/Tasmanian-grain-storage-network,Other Tasmania,Unknown,0,0,36,32,29,false,false,false,false,true,false,false,false,2026-03-31T22:00:38Z,2026-03-31T23:01:15Z,,塔斯马尼亚本地商业、生活服务或市场类项目。,低优先级：描述较泛或技术/方向匹配度有限，放在后续调研。
178,girish1993/ETS-vs-ARIMA-for-Retail-Data-for-Tasmania---Business-Forecasting,girish1993,https://github.com/girish1993/ETS-vs-ARIMA-for-Retail-Data-for-Tasmania---Business-Forecasting,Data Analysis,R,0,0,22,44,29,false,false,true,false,false,false,false,false,2019-08-05T09:40:30Z,2019-08-05T09:58:15Z,R,原始描述为空；根据仓库名判断，可能是塔斯马尼亚相关资料、网站或应用项目。,低优先级：描述较泛或技术/方向匹配度有限，放在后续调研。
179,sage3648/KIT107-Programming,sage3648,https://github.com/sage3648/KIT107-Programming,Student Projects,C,1,0,14,41,29,true,false,false,false,false,false,true,false,2019-06-20T10:12:44Z,2019-06-20T10:32:56Z,C,塔斯马尼亚大学课程、学生项目、作业或研究代码。,低优先级：描述较泛或技术/方向匹配度有限，放在后续调研。
180,GLAM-Workbench/libraries-tasmania,GLAM-Workbench,https://github.com/GLAM-Workbench/libraries-tasmania,Data Analysis,Jupyter Notebook,0,0,34,32,28,false,false,true,false,false,false,false,false,2022-09-15T04:21:45Z,2022-09-15T06:39:57Z,Jupyter Notebook;Python,原始描述为空；根据仓库名判断，可能是塔斯马尼亚相关资料、网站或应用项目。,低优先级：描述较泛或技术/方向匹配度有限，放在后续调研。
181,stanley0212/TasEatsServer,stanley0212,https://github.com/stanley0212/TasEatsServer,Local Business / Tourism,Java,0,0,24,31,28,false,false,false,false,false,false,false,true,2021-04-03T14:22:53Z,2021-04-03T14:24:22Z,Java,面向塔斯马尼亚的外卖/餐饮配送应用项目。,低优先级：描述较泛或技术/方向匹配度有限，放在后续调研。
182,dennisroethig/tasmania-touring.com,dennisroethig,https://github.com/dennisroethig/tasmania-touring.com,Web / App,HTML,0,0,10,50,28,false,false,false,false,false,false,false,false,2013-08-15T21:34:35Z,2016-02-28T05:09:10Z,HTML,原始描述为空；根据仓库名判断，可能是塔斯马尼亚相关资料、网站或应用项目。,低优先级：描述较泛或技术/方向匹配度有限，放在后续调研。
183,tommyslik/QANT0065_TourismTasmania,tommyslik,https://github.com/tommyslik/QANT0065_TourismTasmania,Web / App,CSS,0,0,10,50,28,false,false,false,false,false,false,false,false,2016-08-15T08:02:18Z,2017-02-28T01:15:08Z,CSS,原始描述为空；根据仓库名判断，可能是塔斯马尼亚相关资料、网站或应用项目。,低优先级：描述较泛或技术/方向匹配度有限，放在后续调研。
184,GITenberg/Wayside-Sketches-in-Tasmania_66275,GITenberg,https://github.com/GITenberg/Wayside-Sketches-in-Tasmania_66275,Web / App,HTML,0,0,10,50,28,false,false,false,false,false,false,false,false,2021-09-13T22:13:01Z,2021-09-14T03:43:50Z,HTML,来自 Project Gutenberg 的塔斯马尼亚历史/旅行文本项目。,低优先级：描述较泛或技术/方向匹配度有限，放在后续调研。
185,TheMartianLife/Honours-Presentation,TheMartianLife,https://github.com/TheMartianLife/Honours-Presentation,Education / UTAS,Unknown,0,0,0,50,28,true,false,false,false,false,true,false,false,2019-05-24T03:43:49Z,2019-10-20T07:53:58Z,,塔斯马尼亚大学课程、学生项目、作业或研究代码。,低优先级：仓库已归档，主要作为历史或参考资料。
186,GITenberg/Under-the-Southern-Cross--13-Or-Travels-in-Australia-Tasmania-New-Zealand-Samoa-and-Other-Pac__34037,GITenberg,https://github.com/GITenberg/Under-the-Southern-Cross--13-Or-Travels-in-Australia-Tasmania-New-Zealand-Samoa-and-Other-Pac__34037,Web / App,HTML,0,0,10,50,28,false,false,false,false,false,false,false,false,2014-08-01T19:28:23Z,2018-10-17T01:35:55Z,HTML,来自 Project Gutenberg 的塔斯马尼亚历史/旅行文本项目。,低优先级：描述较泛或技术/方向匹配度有限，放在后续调研。
187,HammerOfMelkor/TasmanianHighlandsGolfClub,HammerOfMelkor,https://github.com/HammerOfMelkor/TasmanianHighlandsGolfClub,Web / App,HTML,0,0,29,34,27,false,false,false,false,true,false,false,false,2023-09-14T06:32:47Z,2024-11-19T01:23:23Z,HTML,原始描述为空；根据仓库名判断，可能是塔斯马尼亚相关资料、网站或应用项目。,低优先级：描述较泛或技术/方向匹配度有限，放在后续调研。
188,prameshKc/NEST,prameshKc,https://github.com/prameshKc/NEST,Web / App,TypeScript,0,0,29,34,27,false,false,false,false,true,false,false,false,2025-08-12T11:44:08Z,2025-08-12T11:51:01Z,TypeScript;JavaScript / Web,塔斯马尼亚尼泊尔社区组织相关项目。,低优先级：描述较泛或技术/方向匹配度有限，放在后续调研。
189,nonfictionalsomm/Tasmania-Interactive,nonfictionalsomm,https://github.com/nonfictionalsomm/Tasmania-Interactive,Web / App,HTML,0,0,29,34,27,false,false,false,false,true,false,false,false,2025-10-18T01:46:33Z,2025-10-18T01:46:43Z,HTML,原始描述为空；根据仓库名判断，可能是塔斯马尼亚相关资料、网站或应用项目。,低优先级：描述较泛或技术/方向匹配度有限，放在后续调研。
190,sllnycrfst/discover-tasmania,sllnycrfst,https://github.com/sllnycrfst/discover-tasmania,Web / App,JavaScript,0,0,29,34,27,false,false,false,false,true,false,false,false,2025-07-08T12:07:52Z,2025-07-08T12:38:13Z,JavaScript;JavaScript / Web,原始描述为空；根据仓库名判断，可能是塔斯马尼亚相关资料、网站或应用项目。,低优先级：描述较泛或技术/方向匹配度有限，放在后续调研。
191,RedThreadGrp/tasmanian_treasures,RedThreadGrp,https://github.com/RedThreadGrp/tasmanian_treasures,Web / App,JavaScript,0,0,29,34,27,false,false,false,false,true,false,false,false,2025-08-25T16:30:51Z,2025-08-29T03:04:36Z,JavaScript;JavaScript / Web,与塔斯马尼亚有关的资料、应用或网站项目；原始描述较简略，建议打开 README 进一步确认。,低优先级：描述较泛或技术/方向匹配度有限，放在后续调研。
192,wragge/chinese-tasmania,wragge,https://github.com/wragge/chinese-tasmania,Web / App,HTML,0,0,29,34,27,false,false,false,false,true,false,false,false,2023-04-28T02:07:13Z,2025-08-08T07:42:51Z,HTML,原始描述为空；根据仓库名判断，可能是塔斯马尼亚相关资料、网站或应用项目。,低优先级：描述较泛或技术/方向匹配度有限，放在后续调研。
193,peterfz30/gliding-tasmania-roster,peterfz30,https://github.com/peterfz30/gliding-tasmania-roster,Web / App,HTML,0,0,29,34,27,false,false,false,false,true,false,false,false,2025-08-22T02:54:17Z,2025-08-22T02:57:37Z,HTML,原始描述为空；根据仓库名判断，可能是塔斯马尼亚相关资料、网站或应用项目。,低优先级：描述较泛或技术/方向匹配度有限，放在后续调研。
194,DepyScrewball/1967-Tasmanian-fires,DepyScrewball,https://github.com/DepyScrewball/1967-Tasmanian-fires,Other Tasmania,Unknown,0,0,10,48,27,false,false,false,false,false,false,false,false,2014-08-11T01:08:46Z,2014-08-11T01:08:46Z,,原始描述为空；根据仓库名判断，可能是塔斯马尼亚相关资料、网站或应用项目。,低优先级：描述较泛或技术/方向匹配度有限，放在后续调研。
195,530530530/North-Tasmania-Fishing-Charters,530530530,https://github.com/530530530/North-Tasmania-Fishing-Charters,Web / App,HTML,0,0,29,34,27,false,false,false,false,true,false,false,false,2025-05-14T09:56:57Z,2025-05-15T09:19:29Z,HTML,原始描述为空；根据仓库名判断，可能是塔斯马尼亚相关资料、网站或应用项目。,低优先级：描述较泛或技术/方向匹配度有限，放在后续调研。
196,Koen-vdl/SARS-CoV-2-Tasmania-Nextstrain-build,Koen-vdl,https://github.com/Koen-vdl/SARS-CoV-2-Tasmania-Nextstrain-build,Web / App,Unknown,0,0,29,34,27,false,false,false,false,true,false,false,false,2025-07-22T03:34:21Z,2025-10-28T01:26:43Z,JavaScript / Web,原始描述为空；根据仓库名判断，可能是塔斯马尼亚相关资料、网站或应用项目。,低优先级：描述较泛或技术/方向匹配度有限，放在后续调研。
197,kimberleywarmsprings/kimberleywarmsprings,kimberleywarmsprings,https://github.com/kimberleywarmsprings/kimberleywarmsprings,Web / App,HTML,0,0,29,34,27,false,false,false,false,true,false,false,false,2025-08-08T06:27:59Z,2025-08-20T13:13:53Z,HTML,与塔斯马尼亚有关的资料、应用或网站项目；原始描述较简略，建议打开 README 进一步确认。,低优先级：描述较泛或技术/方向匹配度有限，放在后续调研。
198,Cantina-Latina/site,Cantina-Latina,https://github.com/Cantina-Latina/site,Web / App,JavaScript,0,0,29,34,27,false,false,false,false,true,false,false,false,2022-07-28T08:49:37Z,2024-09-25T01:08:03Z,JavaScript;JavaScript / Web;React,与塔斯马尼亚有关的资料、应用或网站项目；原始描述较简略，建议打开 README 进一步确认。,低优先级：描述较泛或技术/方向匹配度有限，放在后续调研。
199,sage3648/KIT101-Programming-Fundamentals,sage3648,https://github.com/sage3648/KIT101-Programming-Fundamentals,Student Projects,Java,0,0,10,41,27,true,false,false,false,false,false,true,false,2019-06-20T10:26:57Z,2019-06-20T10:31:41Z,Java,塔斯马尼亚大学课程、学生项目、作业或研究代码。,低优先级：描述较泛或技术/方向匹配度有限，放在后续调研。
200,grimley517/grimley517.github.io,grimley517,https://github.com/grimley517/grimley517.github.io,Web / App,CSS,0,0,29,34,27,false,false,false,false,true,false,false,false,2014-03-23T14:34:49Z,2025-07-17T16:59:20Z,CSS,与塔斯马尼亚有关的资料、应用或网站项目；原始描述较简略，建议打开 README 进一步确认。,低优先级：描述较泛或技术/方向匹配度有限，放在后续调研。
201,sage3648/KIT202-Secure-Web-Programming,sage3648,https://github.com/sage3648/KIT202-Secure-Web-Programming,Student Projects,PHP,0,0,10,41,27,true,false,false,false,false,false,true,false,2019-06-20T10:34:09Z,2019-06-20T10:41:59Z,PHP,塔斯马尼亚大学课程、学生项目、作业或研究代码。,低优先级：描述较泛或技术/方向匹配度有限，放在后续调研。
202,fredpaw/tasmania,fredpaw,https://github.com/fredpaw/tasmania,Web / App,PHP,0,0,24,26,26,false,false,false,false,false,false,false,true,2015-08-28T04:07:51Z,2016-09-02T05:51:20Z,PHP,与塔斯马尼亚有关的资料、应用或网站项目；原始描述较简略，建议打开 README 进一步确认。,低优先级：描述较泛或技术/方向匹配度有限，放在后续调研。
203,johnnyroodt/RT3D,johnnyroodt,https://github.com/johnnyroodt/RT3D,Education / UTAS,Unknown,0,0,22,36,26,false,false,false,false,false,false,false,false,2023-10-07T05:17:11Z,2023-10-07T05:17:13Z,,Arts Tasmania 艺术资助或霍巴特艺术项目相关资料。,低优先级：描述较泛或技术/方向匹配度有限，放在后续调研。
204,530530530/North-Tasmania-Fishing,530530530,https://github.com/530530530/North-Tasmania-Fishing,Local Business / Tourism,Unknown,0,0,29,27,24,false,false,false,false,true,false,false,false,2025-05-14T10:02:12Z,2025-05-14T11:11:24Z,,原始描述为空；根据仓库名判断，可能是塔斯马尼亚相关资料、网站或应用项目。,低优先级：描述较泛或技术/方向匹配度有限，放在后续调研。
205,savindalak/UV-Index-analysis-for-Tasmania-Kingston-,savindalak,https://github.com/savindalak/UV-Index-analysis-for-Tasmania-Kingston-,Data Analysis,Jupyter Notebook,0,0,22,32,24,false,false,true,false,false,false,false,false,2020-02-08T11:55:36Z,2020-03-23T07:10:32Z,Jupyter Notebook;Python,与塔斯马尼亚有关的资料、应用或网站项目；原始描述较简略，建议打开 README 进一步确认。,低优先级：描述较泛或技术/方向匹配度有限，放在后续调研。
206,Hobart-Hostel-Accommodation/Tony-Guerra,Hobart-Hostel-Accommodation,https://github.com/Hobart-Hostel-Accommodation/Tony-Guerra,Local Business / Tourism,Unknown,0,0,10,43,24,false,false,false,false,false,false,false,false,2016-02-03T06:36:19Z,2016-02-03T06:36:19Z,,塔斯马尼亚旅游、住宿、行程或目的地展示项目。,低优先级：描述较泛或技术/方向匹配度有限，放在后续调研。
207,fengjianmenglab/Code-and-data-availability-for-niche-and-range-dynamics-ofTasmanian-blue-gum,fengjianmenglab,https://github.com/fengjianmenglab/Code-and-data-availability-for-niche-and-range-dynamics-ofTasmanian-blue-gum,Data Analysis,R,0,0,22,32,24,false,false,true,false,false,false,false,false,2022-01-08T12:14:59Z,2022-01-08T12:17:17Z,R,原始描述为空；根据仓库名判断，可能是塔斯马尼亚相关资料、网站或应用项目。,低优先级：描述较泛或技术/方向匹配度有限，放在后续调研。
208,Eric0420/TSG,Eric0420,https://github.com/Eric0420/TSG,Local Business / Tourism,Kotlin,0,0,22,31,23,false,false,false,false,false,false,false,false,2022-05-04T13:57:25Z,2022-10-02T00:49:21Z,Kotlin,塔斯马尼亚本地商业、生活服务或市场类项目。,低优先级：描述较泛或技术/方向匹配度有限，放在后续调研。
209,nirmitgarg/tasmania-plan,nirmitgarg,https://github.com/nirmitgarg/tasmania-plan,Other Tasmania,Unknown,0,0,36,20,23,false,false,false,false,true,false,false,false,2026-01-13T12:25:13Z,2026-01-13T12:47:43Z,,原始描述为空；根据仓库名判断，可能是塔斯马尼亚相关资料、网站或应用项目。,低优先级：描述较泛或技术/方向匹配度有限，放在后续调研。
210,peter-job/tasmanian-pioneer-index,peter-job,https://github.com/peter-job/tasmanian-pioneer-index,Other Tasmania,Unknown,0,0,36,20,23,false,false,false,false,true,false,false,false,2026-02-01T06:39:34Z,2026-02-01T06:51:55Z,,原始描述为空；根据仓库名判断，可能是塔斯马尼亚相关资料、网站或应用项目。,低优先级：描述较泛或技术/方向匹配度有限，放在后续调研。
211,Hildacareau/NDIS-Tasmania,Hildacareau,https://github.com/Hildacareau/NDIS-Tasmania,Other Tasmania,Unknown,0,0,29,20,21,false,false,false,false,true,false,false,false,2025-07-15T12:53:59Z,2025-07-15T12:57:16Z,,原始描述为空；根据仓库名判断，可能是塔斯马尼亚相关资料、网站或应用项目。,低优先级：描述较泛或技术/方向匹配度有限，放在后续调研。
212,chrisatkinson9/RSV_Tasmania,chrisatkinson9,https://github.com/chrisatkinson9/RSV_Tasmania,Research Projects,Unknown,0,0,29,20,21,false,false,false,false,true,false,false,false,2024-04-04T02:34:09Z,2025-04-29T01:40:20Z,,塔斯马尼亚 RSV 系统发育树和可视化数据项目。,低优先级：描述较泛或技术/方向匹配度有限，放在后续调研。
213,RIKO910/tasmania-listing,RIKO910,https://github.com/RIKO910/tasmania-listing,Other Tasmania,PHP,0,0,29,20,21,false,false,false,false,true,false,false,false,2025-09-30T10:29:34Z,2025-09-30T10:30:22Z,PHP,原始描述为空；根据仓库名判断，可能是塔斯马尼亚相关资料、网站或应用项目。,低优先级：描述较泛或技术/方向匹配度有限，放在后续调研。
214,Dasarijahnavi09/Tasmanian_backpacker_bot,Dasarijahnavi09,https://github.com/Dasarijahnavi09/Tasmanian_backpacker_bot,Other Tasmania,Python,0,0,29,20,21,false,false,false,false,true,false,false,false,2025-10-19T23:47:30Z,2025-10-19T23:49:45Z,Python,原始描述为空；根据仓库名判断，可能是塔斯马尼亚相关资料、网站或应用项目。,低优先级：描述较泛或技术/方向匹配度有限，放在后续调研。
215,Powered-Technical/Geocache-Spirit_of_Tasmania,Powered-Technical,https://github.com/Powered-Technical/Geocache-Spirit_of_Tasmania,Other Tasmania,Unknown,0,0,29,20,21,false,false,false,false,true,false,false,false,2025-08-13T04:11:36Z,2025-08-13T04:11:36Z,,原始描述为空；根据仓库名判断，可能是塔斯马尼亚相关资料、网站或应用项目。,低优先级：描述较泛或技术/方向匹配度有限，放在后续调研。
216,forsalebyhomeownerau/FSBO-listings-in-Tasmania,forsalebyhomeownerau,https://github.com/forsalebyhomeownerau/FSBO-listings-in-Tasmania,Other Tasmania,Unknown,0,0,29,20,21,false,false,false,false,true,false,false,false,2025-07-18T12:46:48Z,2025-07-18T12:46:48Z,,原始描述为空；根据仓库名判断，可能是塔斯马尼亚相关资料、网站或应用项目。,低优先级：描述较泛或技术/方向匹配度有限，放在后续调研。
217,elpedroluis/tas_edge_radio,elpedroluis,https://github.com/elpedroluis/tas_edge_radio,Other Tasmania,C++,0,0,29,20,21,false,false,false,false,true,false,false,false,2025-09-17T11:11:04Z,2025-09-17T11:11:43Z,C++,与塔斯马尼亚有关的资料、应用或网站项目；原始描述较简略，建议打开 README 进一步确认。,低优先级：描述较泛或技术/方向匹配度有限，放在后续调研。
218,stanley0212/TasEats,stanley0212,https://github.com/stanley0212/TasEats,Local Business / Tourism,Java,0,0,10,31,19,false,false,false,false,false,false,false,false,2021-04-03T14:11:54Z,2022-05-09T12:21:52Z,Java,面向塔斯马尼亚的外卖/餐饮配送应用项目。,低优先级：描述较泛或技术/方向匹配度有限，放在后续调研。
219,tassiemortgage/https-tassiemortgagebrokers.com.au-,tassiemortgage,https://github.com/tassiemortgage/https-tassiemortgagebrokers.com.au-,Local Business / Tourism,Unknown,0,0,10,31,19,false,false,false,false,false,false,false,false,2020-01-14T07:13:05Z,2020-01-14T07:13:07Z,,塔斯马尼亚房地产、房价、贷款或地产展示相关项目。,低优先级：描述较泛或技术/方向匹配度有限，放在后续调研。
220,pricesremovals/Interstate-Removalists-Movers,pricesremovals,https://github.com/pricesremovals/Interstate-Removalists-Movers,Local Business / Tourism,Unknown,0,0,10,31,19,false,false,false,false,false,false,false,false,2019-05-08T11:02:44Z,2019-05-08T11:02:44Z,,塔斯马尼亚本地商业、生活服务或市场类项目。,低优先级：描述较泛或技术/方向匹配度有限，放在后续调研。
221,mdsumner/L2-2022-04-tas,mdsumner,https://github.com/mdsumner/L2-2022-04-tas,Marine Science,R,0,0,22,17,17,false,false,false,false,false,false,false,false,2023-04-17T10:33:36Z,2023-04-18T11:45:26Z,R,与塔斯马尼亚有关的资料、应用或网站项目；原始描述较简略，建议打开 README 进一步确认。,低优先级：描述较泛或技术/方向匹配度有限，放在后续调研。
222,web-helper/quit-tasmania,web-helper,https://github.com/web-helper/quit-tasmania,Web / App,PHP,0,0,10,26,16,false,false,false,false,false,false,false,false,2019-08-22T01:11:35Z,2019-08-19T08:41:31Z,PHP,与塔斯马尼亚有关的资料、应用或网站项目；原始描述较简略，建议打开 README 进一步确认。,低优先级：描述较泛或技术/方向匹配度有限，放在后续调研。
223,jakedoren/lost-in-tasmania,jakedoren,https://github.com/jakedoren/lost-in-tasmania,Web / App,JavaScript,0,0,10,26,16,false,false,false,false,false,false,false,false,2021-06-26T17:49:09Z,2021-06-27T20:38:55Z,JavaScript;JavaScript / Web,原始描述为空；根据仓库名判断，可能是塔斯马尼亚相关资料、网站或应用项目。,低优先级：描述较泛或技术/方向匹配度有限，放在后续调研。
224,Sienna-Cowen/a.checkers-photography,Sienna-Cowen,https://github.com/Sienna-Cowen/a.checkers-photography,Web / App,CSS,0,0,10,26,16,false,false,false,false,false,false,false,false,2018-01-29T01:10:17Z,2020-08-27T10:31:14Z,CSS,与塔斯马尼亚有关的资料、应用或网站项目；原始描述较简略，建议打开 README 进一步确认。,低优先级：描述较泛或技术/方向匹配度有限，放在后续调研。
225,failure-driven/railscamp-hobart-2018-slides,failure-driven,https://github.com/failure-driven/railscamp-hobart-2018-slides,Web / App,HTML,0,0,10,26,16,false,false,false,false,false,false,false,false,2019-01-08T10:27:02Z,2019-04-26T21:53:15Z,HTML,与塔斯马尼亚有关的资料、应用或网站项目；原始描述较简略，建议打开 README 进一步确认。,低优先级：描述较泛或技术/方向匹配度有限，放在后续调研。
226,justinmathias/TasmaniaVegetation,justinmathias,https://github.com/justinmathias/TasmaniaVegetation,Other Tasmania,R,0,0,22,12,14,false,false,false,false,false,false,false,false,2023-02-23T04:40:36Z,2023-05-23T18:23:05Z,R,原始描述为空；根据仓库名判断，可能是塔斯马尼亚相关资料、网站或应用项目。,低优先级：描述较泛或技术/方向匹配度有限，放在后续调研。
227,Amilwickz/University-of-Tasmania-Ember-Project,Amilwickz,https://github.com/Amilwickz/University-of-Tasmania-Ember-Project,Other Tasmania,Python,0,0,22,12,14,false,false,false,false,false,false,false,false,2023-05-19T00:29:57Z,2023-05-31T06:43:46Z,Python,与塔斯马尼亚有关的资料、应用或网站项目；原始描述较简略，建议打开 README 进一步确认。,低优先级：描述较泛或技术/方向匹配度有限，放在后续调研。
228,SorkinType/TASSchoolHandAustralia,SorkinType,https://github.com/SorkinType/TASSchoolHandAustralia,Other Tasmania,Python,0,0,22,12,14,false,false,false,false,false,false,false,false,2023-09-30T03:37:13Z,2024-03-20T11:10:57Z,Python,与塔斯马尼亚有关的资料、应用或网站项目；原始描述较简略，建议打开 README 进一步确认。,低优先级：描述较泛或技术/方向匹配度有限，放在后续调研。
229,GitToby/awesome-tasmania,GitToby,https://github.com/GitToby/awesome-tasmania,Web / App,TypeScript,0,0,0,26,12,false,false,false,false,false,true,false,false,2023-12-13T23:23:20Z,2024-01-03T23:46:48Z,TypeScript;JavaScript / Web,原始描述为空；根据仓库名判断，可能是塔斯马尼亚相关资料、网站或应用项目。,低优先级：仓库已归档，主要作为历史或参考资料。
230,Jlonndi/Tasmanian-RolePlay,Jlonndi,https://github.com/Jlonndi/Tasmanian-RolePlay,Other Tasmania,Unknown,1,0,14,12,11,false,false,false,false,false,false,false,false,2022-01-05T10:30:20Z,2021-12-15T11:16:40Z,,与塔斯马尼亚有关的资料、应用或网站项目；原始描述较简略，建议打开 README 进一步确认。,低优先级：描述较泛或技术/方向匹配度有限，放在后续调研。
231,olavobm/ITEnergySoutheastTasmania,olavobm,https://github.com/olavobm/ITEnergySoutheastTasmania,Other Tasmania,Unknown,0,0,10,12,10,false,false,false,false,false,false,false,false,2021-01-13T03:08:13Z,2021-01-13T03:08:15Z,,原始描述为空；根据仓库名判断，可能是塔斯马尼亚相关资料、网站或应用项目。,低优先级：描述较泛或技术/方向匹配度有限，放在后续调研。
232,BR-JB-JR-Group-Projects/BWH-002-UHack-2018,BR-JB-JR-Group-Projects,https://github.com/BR-JB-JR-Group-Projects/BWH-002-UHack-2018,Other Tasmania,Java,0,0,10,12,10,false,false,false,false,false,false,false,false,2018-07-12T23:33:14Z,2018-07-14T22:03:10Z,Java,与塔斯马尼亚有关的资料、应用或网站项目；原始描述较简略，建议打开 README 进一步确认。,低优先级：描述较泛或技术/方向匹配度有限，放在后续调研。
233,KathyReid/round-tasmania-palette,KathyReid,https://github.com/KathyReid/round-tasmania-palette,Other Tasmania,Unknown,0,0,10,12,10,false,false,false,false,false,false,false,false,2017-01-19T00:11:53Z,2017-01-19T00:18:23Z,,与塔斯马尼亚有关的资料、应用或网站项目；原始描述较简略，建议打开 README 进一步确认。,低优先级：描述较泛或技术/方向匹配度有限，放在后续调研。
234,NakedJack/GreenGrowing,NakedJack,https://github.com/NakedJack/GreenGrowing,Education / UTAS,C++,0,0,10,12,10,false,false,false,false,false,false,false,false,2019-09-08T01:37:21Z,2019-09-08T01:41:16Z,C++,与塔斯马尼亚有关的资料、应用或网站项目；原始描述较简略，建议打开 README 进一步确认。,低优先级：描述较泛或技术/方向匹配度有限，放在后续调研。
235,joshgillies/tasmanian-developer-network,joshgillies,https://github.com/joshgillies/tasmanian-developer-network,Other Tasmania,Unknown,0,0,10,12,10,false,false,false,false,false,false,false,false,2014-02-13T02:57:39Z,2014-02-13T02:57:39Z,,与塔斯马尼亚有关的资料、应用或网站项目；原始描述较简略，建议打开 README 进一步确认。,低优先级：描述较泛或技术/方向匹配度有限，放在后续调研。
236,mjec/wwc-tasmania,mjec,https://github.com/mjec/wwc-tasmania,Other Tasmania,Python,0,0,0,12,6,false,false,false,false,false,true,false,false,2014-11-24T09:47:25Z,2017-07-22T21:21:01Z,Python,与塔斯马尼亚有关的资料、应用或网站项目；原始描述较简略，建议打开 README 进一步确认。,低优先级：仓库已归档，主要作为历史或参考资料。